drone_id,latitude,longitude,altitude,speed,battery,packet_sequence,speed_alt_ratio,battery_drain_rate,attack_type,is_anomaly
drone_9,34.055619,-118.257364,136.84,52.1,58.98,12502,0.378,41.02,DOS,1
drone_2,34.071231,-118.233622,282.34,7.36,83.85,111,0.026,16.15,NORMAL,0
drone_4,34.06169,-118.257595,64.54,13.55,72.11,68,0.2067,27.89,NORMAL,0
drone_8,34.0572,-118.2387,100.0,10.0,75.0,500,0.099,25.0,REPLAY_ATTACK,1
drone_10,34.066928,-118.237464,184.92,24.97,67.33,277,0.1343,32.67,NORMAL,0
drone_3,34.0572,-118.2387,100.0,10.0,75.0,500,0.099,25.0,REPLAY_ATTACK,1
drone_9,34.049312,-118.24639,13.6,0.61,2.34,1826,0.0418,97.66,JAMMING,1
drone_10,34.038986,-118.255303,138.17,15.81,85.45,979,0.1136,14.55,NORMAL,0
drone_10,34.049776,-118.238247,253.66,13.89,86.56,870,0.0545,13.44,NORMAL,0
drone_6,34.059951,-118.232638,260.7,14.12,83.1,865,0.054,16.9,NORMAL,0
drone_7,34.045084,-118.23698,120.68,14.24,76.42,654,0.117,23.58,NORMAL,0
drone_2,34.0572,-118.2387,100.0,10.0,75.0,500,0.099,25.0,REPLAY_ATTACK,1
drone_2,34.052355,-118.228953,251.38,18.89,75.42,175,0.0748,24.58,NORMAL,0
drone_6,34.047436,-118.257915,273.55,22.79,88.61,1488,0.083,11.39,NORMAL,0
drone_9,34.062896,-118.245634,126.04,48.32,42.56,87441,0.3804,57.44,DOS,1
drone_3,34.0572,-118.2387,100.0,10.0,75.0,500,0.099,25.0,REPLAY_ATTACK,1
drone_7,34.501283,-117.874885,119.1,86.66,74.05,1704,0.7216,25.95,GPS_SPOOFING,1
drone_1,34.054486,-118.25278,161.44,16.52,99.11,1371,0.1017,0.89,NORMAL,0
drone_10,34.070046,-118.237088,162.04,20.85,78.83,638,0.1279,21.17,NORMAL,0
drone_3,34.042377,-118.244376,4.92,0.9,8.74,1995,0.152,91.26,JAMMING,1
drone_3,34.058125,-118.242494,100.35,34.82,66.49,11254,0.3436,33.51,DOS,1
drone_2,34.061143,-118.240317,7.64,0.15,1.96,1905,0.0174,98.04,JAMMING,1
drone_1,34.054159,-118.24463,6.88,1.36,3.07,1811,0.1726,96.93,JAMMING,1
drone_4,34.040161,-118.22959,144.08,19.79,61.7,1347,0.1364,38.3,NORMAL,0
drone_3,34.048538,-118.263316,203.56,18.33,71.75,255,0.0896,28.25,NORMAL,0
drone_4,34.053912,-118.237586,6.99,0.89,14.0,1878,0.1114,86.0,JAMMING,1
drone_2,34.068899,-118.226837,246.33,17.79,61.04,282,0.0719,38.96,NORMAL,0
drone_9,34.058488,-118.229345,148.8,15.11,88.57,726,0.1009,11.43,NORMAL,0
drone_9,34.05969,-118.237353,11.06,0.33,1.08,1861,0.0274,98.92,JAMMING,1
drone_8,34.050235,-118.239636,14.0,1.07,12.73,1945,0.0713,87.27,JAMMING,1
drone_1,34.054861,-118.245525,57.5,53.19,59.05,54930,0.9092,40.95,DOS,1
drone_3,34.060068,-118.241312,124.53,17.65,88.29,957,0.1406,11.71,NORMAL,0
drone_2,34.048397,-118.226428,69.87,10.12,81.3,1264,0.1428,18.7,NORMAL,0
drone_2,34.051479,-118.243632,11.85,0.8,8.62,1823,0.0623,91.38,JAMMING,1
drone_8,34.050643,-118.260468,289.4,14.79,86.39,1439,0.0509,13.61,NORMAL,0
drone_6,34.060076,-118.261283,137.06,7.43,84.38,1384,0.0538,15.62,NORMAL,0
drone_1,34.05539,-118.251014,285.24,8.45,97.93,1486,0.0295,2.07,NORMAL,0
drone_3,34.042831,-118.237024,58.63,52.33,67.92,34969,0.8776,32.08,DOS,1
drone_10,34.071363,-118.260202,286.35,24.67,81.8,332,0.0859,18.2,NORMAL,0
drone_1,34.046137,-118.236519,7.56,0.49,9.81,1847,0.0572,90.19,JAMMING,1
drone_7,34.050368,-118.249918,3.53,1.19,9.97,1991,0.2627,90.03,JAMMING,1
drone_7,34.047353,-118.238381,5.75,0.36,9.5,1868,0.0533,90.5,JAMMING,1
drone_6,34.04483,-118.23369,104.22,10.6,72.06,652,0.1007,27.94,NORMAL,0
drone_1,34.049075,-118.224467,232.62,17.9,97.12,1138,0.0766,2.88,NORMAL,0
drone_5,34.059981,-118.236783,235.6,17.48,80.81,107,0.0739,19.19,NORMAL,0
drone_8,34.051004,-118.252836,293.41,8.33,91.3,646,0.0283,8.7,NORMAL,0
drone_3,34.059341,-118.24897,174.92,6.68,69.46,695,0.038,30.54,NORMAL,0
drone_1,34.05526,-118.239927,112.29,51.76,60.86,70240,0.4569,39.14,DOS,1
drone_9,34.060849,-118.24486,13.72,1.74,9.11,1970,0.1182,90.89,JAMMING,1
drone_5,34.064238,-118.259857,102.37,10.35,87.01,1156,0.1001,12.99,NORMAL,0
drone_3,34.047493,-118.259668,97.55,8.81,99.72,140,0.0894,0.28,NORMAL,0
drone_7,34.175615,-118.081535,353.63,112.65,77.0,1653,0.3177,23.0,GPS_SPOOFING,1
drone_5,34.050675,-118.251449,2.62,1.97,5.72,1804,0.5442,94.28,JAMMING,1
drone_6,34.0572,-118.2387,100.0,10.0,75.0,500,0.099,25.0,REPLAY_ATTACK,1
drone_6,34.045858,-118.229874,126.58,7.99,66.42,790,0.0626,33.58,NORMAL,0
drone_5,34.071847,-118.22525,109.83,12.85,92.8,1317,0.1159,7.2,NORMAL,0
drone_3,34.067002,-118.234275,290.08,11.9,90.57,1416,0.0409,9.43,NORMAL,0
drone_3,34.063487,-118.23694,201.51,21.66,88.57,263,0.107,11.43,NORMAL,0
drone_4,34.060961,-118.237214,61.01,48.51,63.76,22877,0.7823,36.24,DOS,1
drone_8,34.039771,-118.229596,108.82,18.71,87.48,114,0.1704,12.52,NORMAL,0
drone_3,34.056246,-118.251058,175.97,19.15,93.55,289,0.1082,6.45,NORMAL,0
drone_1,34.066045,-118.246864,103.55,24.03,89.74,976,0.2298,10.26,NORMAL,0
drone_7,34.036962,-118.261833,62.81,15.41,80.83,1016,0.2415,19.17,NORMAL,0
drone_4,34.061789,-118.259278,237.6,21.03,93.28,711,0.0881,6.72,NORMAL,0
drone_5,34.064805,-118.242544,272.24,16.16,74.23,442,0.0591,25.77,NORMAL,0
drone_8,34.057397,-118.257591,74.1,17.74,68.61,815,0.2362,31.39,NORMAL,0
drone_9,34.037326,-118.237634,113.7,6.08,65.94,661,0.053,34.06,NORMAL,0
drone_9,34.0572,-118.2387,100.0,10.0,75.0,500,0.099,25.0,REPLAY_ATTACK,1
drone_7,34.054951,-118.224865,247.02,21.68,83.2,696,0.0874,16.8,NORMAL,0
drone_9,34.0572,-118.2387,100.0,10.0,75.0,500,0.099,25.0,REPLAY_ATTACK,1
drone_5,34.06559,-118.259901,207.35,15.02,60.45,559,0.0721,39.55,NORMAL,0
drone_1,34.044102,-118.238404,76.31,14.73,87.84,1223,0.1905,12.16,NORMAL,0
drone_5,34.037494,-118.247547,136.53,21.96,68.7,1189,0.1597,31.3,NORMAL,0
drone_3,34.036237,-118.259902,286.54,9.72,94.96,1326,0.0338,5.04,NORMAL,0
drone_7,34.0572,-118.2387,100.0,10.0,75.0,500,0.099,25.0,REPLAY_ATTACK,1
drone_5,34.067711,-118.234365,251.96,20.05,66.04,1427,0.0793,33.96,NORMAL,0
drone_6,34.040175,-118.247555,265.6,5.01,85.23,1403,0.0188,14.77,NORMAL,0
drone_1,34.056785,-118.236608,8.36,0.57,10.62,1759,0.0609,89.38,JAMMING,1
drone_2,34.055688,-118.253836,175.42,48.92,23.91,72471,0.2773,76.09,DOS,1
drone_5,34.0572,-118.2387,100.0,10.0,75.0,500,0.099,25.0,REPLAY_ATTACK,1
drone_5,34.532314,-118.017144,282.0,110.35,54.65,1727,0.3899,45.35,GPS_SPOOFING,1
drone_6,34.040275,-118.237541,124.36,9.51,74.0,138,0.0759,26.0,NORMAL,0
drone_3,34.061392,-118.248074,291.27,18.02,77.96,931,0.0617,22.04,NORMAL,0
drone_2,34.056802,-118.260873,96.24,5.75,64.04,1157,0.0591,35.96,NORMAL,0
drone_7,34.0572,-118.2387,100.0,10.0,75.0,500,0.099,25.0,REPLAY_ATTACK,1
drone_6,34.037977,-118.255998,165.52,22.16,60.96,1383,0.1331,39.04,NORMAL,0
drone_4,34.065435,-118.236353,73.49,40.49,51.36,48189,0.5436,48.64,DOS,1
drone_10,34.0572,-118.2387,100.0,10.0,75.0,500,0.099,25.0,REPLAY_ATTACK,1
drone_1,34.061774,-118.249155,103.75,15.36,73.01,1455,0.1466,26.99,NORMAL,0
drone_2,34.061919,-118.239691,228.31,24.92,76.25,213,0.1087,23.75,NORMAL,0
drone_5,34.060426,-118.235629,85.03,22.68,87.3,897,0.2636,12.7,NORMAL,0
drone_6,34.066854,-118.234041,88.81,6.12,69.14,333,0.0681,30.86,NORMAL,0
drone_1,34.056746,-118.240487,14.48,1.63,12.99,1769,0.1053,87.01,JAMMING,1
drone_5,34.069768,-118.24026,259.78,19.89,79.87,133,0.0763,20.13,NORMAL,0
drone_10,34.058175,-118.242117,3.98,0.23,1.46,1873,0.0462,98.54,JAMMING,1
drone_4,34.320638,-117.854805,327.6,113.26,87.95,1565,0.3447,12.05,GPS_SPOOFING,1
drone_10,34.059076,-118.236694,290.39,11.39,66.3,396,0.0391,33.7,NORMAL,0
drone_5,34.045893,-118.254319,258.28,11.11,67.62,709,0.0428,32.38,NORMAL,0
drone_6,34.047742,-118.236635,11.34,0.53,6.33,1915,0.0429,93.67,JAMMING,1
drone_3,34.050395,-118.230047,107.18,37.34,22.87,78841,0.3452,77.13,DOS,1
drone_8,34.283889,-118.113094,342.95,152.7,87.37,1721,0.444,12.63,GPS_SPOOFING,1
drone_10,34.385842,-117.825,312.9,86.06,55.39,1574,0.2742,44.61,GPS_SPOOFING,1
drone_1,34.0572,-118.2387,100.0,10.0,75.0,500,0.099,25.0,REPLAY_ATTACK,1
drone_2,34.164558,-118.094704,347.82,132.16,69.67,1605,0.3789,30.33,GPS_SPOOFING,1
drone_8,34.06538,-118.234115,215.07,15.17,67.82,557,0.0702,32.18,NORMAL,0
drone_5,34.069839,-118.223794,193.55,12.59,66.84,1283,0.0647,33.16,NORMAL,0
drone_6,34.1975,-117.969263,362.15,121.04,69.46,1730,0.3333,30.54,GPS_SPOOFING,1
drone_8,34.268928,-118.046812,392.67,80.65,48.35,1692,0.2049,51.65,GPS_SPOOFING,1
drone_10,34.059971,-118.241323,154.85,8.55,66.07,91,0.0549,33.93,NORMAL,0
drone_5,34.057958,-118.236571,2.33,1.87,2.0,1780,0.5616,98.0,JAMMING,1
drone_3,34.05981,-118.242474,188.45,19.52,99.74,366,0.103,0.26,NORMAL,0
drone_2,34.494203,-117.787382,389.6,131.19,87.65,1667,0.3359,12.35,GPS_SPOOFING,1
drone_1,34.236384,-117.950961,281.8,124.21,85.11,1590,0.4392,14.89,GPS_SPOOFING,1
drone_2,34.069097,-118.248752,221.04,5.89,74.41,1029,0.0265,25.59,NORMAL,0
drone_2,34.047917,-118.241165,12.86,1.92,6.47,1770,0.1385,93.53,JAMMING,1
drone_1,34.033791,-118.23426,152.48,12.66,62.59,1464,0.0825,37.41,NORMAL,0
drone_3,34.060946,-118.252681,75.98,7.46,89.36,341,0.0969,10.64,NORMAL,0
drone_5,34.06511,-118.256497,231.12,24.95,90.2,1224,0.1075,9.8,NORMAL,0
drone_4,34.064022,-118.248766,146.18,22.57,97.98,1225,0.1533,2.02,NORMAL,0
drone_10,34.05144,-118.236266,0.24,0.23,4.4,1884,0.1855,95.6,JAMMING,1
drone_8,34.071633,-118.261043,230.29,12.08,68.33,786,0.0522,31.67,NORMAL,0
drone_10,34.032205,-118.237895,129.9,20.86,79.84,1288,0.1594,20.16,NORMAL,0
drone_6,34.043146,-118.241043,229.48,10.31,85.82,72,0.0447,14.18,NORMAL,0
drone_4,34.290991,-117.950307,172.61,119.72,86.6,1651,0.6896,13.4,GPS_SPOOFING,1
drone_5,34.05209,-118.239009,90.99,22.98,99.73,327,0.2498,0.27,NORMAL,0
drone_1,34.037315,-118.25702,81.14,10.79,99.41,682,0.1314,0.59,NORMAL,0
drone_2,34.053625,-118.255271,246.22,15.25,65.88,1030,0.0617,34.12,NORMAL,0
drone_8,34.059108,-118.261781,146.32,17.1,78.41,1208,0.1161,21.59,NORMAL,0
drone_6,34.061236,-118.23831,7.9,1.15,5.19,1953,0.1292,94.81,JAMMING,1
drone_9,34.416463,-118.115599,356.94,108.47,46.74,1516,0.303,53.26,GPS_SPOOFING,1
drone_5,34.047933,-118.225104,77.67,14.25,91.15,456,0.1811,8.85,NORMAL,0
drone_8,34.070773,-118.244667,140.19,7.91,84.98,1307,0.056,15.02,NORMAL,0
drone_3,34.061978,-118.260957,281.13,22.51,94.01,245,0.0798,5.99,NORMAL,0
drone_8,34.046268,-118.251136,85.37,42.02,64.69,64665,0.4865,35.31,DOS,1
drone_7,34.040827,-118.259497,271.79,8.19,99.65,1328,0.03,0.35,NORMAL,0
drone_10,34.045717,-118.227025,293.3,8.77,88.05,1082,0.0298,11.95,NORMAL,0
drone_1,34.049533,-118.228078,135.55,15.25,64.75,1260,0.1117,35.25,NORMAL,0
drone_2,34.045877,-118.240313,4.02,1.13,6.25,1944,0.2251,93.75,JAMMING,1
drone_9,34.0572,-118.2387,100.0,10.0,75.0,500,0.099,25.0,REPLAY_ATTACK,1
drone_4,34.047008,-118.262587,254.46,16.39,86.7,1404,0.0642,13.3,NORMAL,0
drone_2,34.0612,-118.226292,149.09,5.14,80.28,1077,0.0342,19.72,NORMAL,0
drone_10,34.052139,-118.260321,295.54,24.12,82.4,1476,0.0813,17.6,NORMAL,0
drone_9,34.051343,-118.2287,259.73,11.72,77.07,194,0.045,22.93,NORMAL,0
drone_2,34.034477,-118.224302,157.35,17.76,91.03,1479,0.1122,8.97,NORMAL,0
drone_1,34.033763,-118.25893,82.87,20.31,97.96,319,0.2422,2.04,NORMAL,0
drone_8,34.436269,-118.012354,359.04,142.61,75.15,1530,0.3961,24.85,GPS_SPOOFING,1
drone_2,34.058288,-118.234157,216.6,10.68,91.09,1346,0.0491,8.91,NORMAL,0
drone_4,34.040304,-118.236629,164.56,31.39,28.77,34864,0.1896,71.23,DOS,1
drone_5,34.047041,-118.250826,14.61,0.78,3.96,1829,0.05,96.04,JAMMING,1
drone_7,34.05401,-118.25111,163.02,19.98,75.54,330,0.1218,24.46,NORMAL,0
drone_6,34.0572,-118.2387,100.0,10.0,75.0,500,0.099,25.0,REPLAY_ATTACK,1
drone_8,34.039855,-118.245119,117.34,7.76,75.59,714,0.0656,24.41,NORMAL,0
drone_3,34.0572,-118.2387,100.0,10.0,75.0,500,0.099,25.0,REPLAY_ATTACK,1
drone_7,34.033097,-118.238069,269.64,11.95,97.03,596,0.0442,2.97,NORMAL,0
drone_7,34.033491,-118.232103,190.74,45.0,63.3,61264,0.2347,36.7,DOS,1
drone_4,34.066413,-118.240434,188.89,14.27,99.41,555,0.0751,0.59,NORMAL,0
drone_2,34.052706,-118.261831,124.64,18.04,84.75,663,0.1436,15.25,NORMAL,0
drone_9,34.040475,-118.246969,50.86,14.18,77.48,770,0.2734,22.52,NORMAL,0
drone_10,34.048048,-118.247517,97.0,21.87,96.47,433,0.2232,3.53,NORMAL,0
drone_7,34.045484,-118.248255,93.57,22.48,70.26,675,0.2377,29.74,NORMAL,0
drone_2,34.046679,-118.229786,82.5,16.47,98.33,1147,0.1972,1.67,NORMAL,0
drone_1,34.05128,-118.246285,273.33,12.4,78.05,742,0.0452,21.95,NORMAL,0
drone_10,34.051199,-118.235801,12.97,0.09,4.87,1870,0.0064,95.13,JAMMING,1
drone_8,34.055523,-118.24475,107.71,24.25,81.26,798,0.2231,18.74,NORMAL,0
drone_2,34.06929,-118.249779,99.55,32.2,68.33,37571,0.3202,31.67,DOS,1
drone_2,34.052185,-118.249125,240.95,12.62,95.6,980,0.0522,4.4,NORMAL,0
drone_8,34.041737,-118.257242,268.28,15.4,88.5,703,0.0572,11.5,NORMAL,0
drone_5,34.03878,-118.246563,133.68,9.45,95.5,685,0.0702,4.5,NORMAL,0
drone_10,34.161018,-118.06194,150.64,139.07,83.58,1521,0.9171,16.42,GPS_SPOOFING,1
drone_9,34.063509,-118.227518,128.76,6.8,85.95,656,0.0524,14.05,NORMAL,0
drone_2,34.057687,-118.23431,71.28,17.39,75.3,626,0.2406,24.7,NORMAL,0
drone_7,34.071035,-118.240111,173.65,38.71,45.42,67386,0.2216,54.58,DOS,1
drone_7,34.055034,-118.248051,152.83,48.36,49.23,59095,0.3144,50.77,DOS,1
drone_7,34.070395,-118.247332,174.64,20.25,60.2,1160,0.1153,39.8,NORMAL,0
drone_4,34.042745,-118.23863,14.01,1.35,1.66,1771,0.0899,98.34,JAMMING,1
drone_2,34.061912,-118.237742,138.24,38.03,66.69,50093,0.2731,33.31,DOS,1
drone_7,34.060359,-118.25087,288.42,23.16,68.07,380,0.08,31.93,NORMAL,0
drone_5,34.056495,-118.262858,191.78,22.34,60.53,1369,0.1159,39.47,NORMAL,0
drone_7,34.049811,-118.242939,5.62,1.54,11.75,1943,0.2326,88.25,JAMMING,1
drone_9,34.050493,-118.23013,193.33,45.01,69.65,62610,0.2316,30.35,DOS,1
drone_4,34.048304,-118.253072,3.01,0.31,11.39,1976,0.0773,88.61,JAMMING,1
drone_7,34.063511,-118.257403,278.24,12.54,75.45,1420,0.0449,24.55,NORMAL,0
drone_9,34.055622,-118.236902,295.54,11.31,71.61,818,0.0381,28.39,NORMAL,0
drone_8,34.0572,-118.2387,100.0,10.0,75.0,500,0.099,25.0,REPLAY_ATTACK,1
drone_5,34.047917,-118.259063,221.15,15.05,76.95,1386,0.0677,23.05,NORMAL,0
drone_5,34.0572,-118.2387,100.0,10.0,75.0,500,0.099,25.0,REPLAY_ATTACK,1
drone_10,34.065635,-118.252942,105.66,56.23,55.51,63924,0.5272,44.49,DOS,1
drone_8,34.03647,-118.240699,244.73,11.43,71.59,438,0.0465,28.41,NORMAL,0
drone_10,34.427864,-117.9319,304.04,111.96,57.73,1569,0.367,42.27,GPS_SPOOFING,1
drone_5,34.05063,-118.256604,107.75,8.22,61.04,853,0.0756,38.96,NORMAL,0
drone_3,34.0572,-118.2387,100.0,10.0,75.0,500,0.099,25.0,REPLAY_ATTACK,1
drone_5,34.045118,-118.251395,122.18,54.88,61.46,82494,0.4455,38.54,DOS,1
drone_8,34.034745,-118.253412,179.95,7.22,87.84,150,0.0399,12.16,NORMAL,0
drone_4,34.052838,-118.227193,139.77,10.82,84.12,443,0.0769,15.88,NORMAL,0
drone_7,34.037252,-118.250739,184.33,10.55,89.87,172,0.0569,10.13,NORMAL,0
drone_4,34.043481,-118.238501,294.04,10.39,75.29,598,0.0352,24.71,NORMAL,0
drone_6,34.036083,-118.236983,97.28,24.68,66.11,544,0.2511,33.89,NORMAL,0
drone_5,34.039417,-118.249067,203.76,21.5,65.95,1392,0.105,34.05,NORMAL,0
drone_9,34.040277,-118.232483,182.43,10.46,77.86,922,0.057,22.14,NORMAL,0
drone_5,34.0572,-118.2387,100.0,10.0,75.0,500,0.099,25.0,REPLAY_ATTACK,1
drone_4,34.06059,-118.249435,204.65,19.79,70.32,276,0.0962,29.68,NORMAL,0
drone_2,34.048071,-118.241843,151.21,16.97,66.61,1349,0.1115,33.39,NORMAL,0
drone_6,34.0572,-118.2387,100.0,10.0,75.0,500,0.099,25.0,REPLAY_ATTACK,1
drone_10,34.06721,-118.22952,137.48,6.4,94.94,141,0.0462,5.06,NORMAL,0
drone_10,34.056954,-118.243593,6.07,1.31,5.73,1805,0.1853,94.27,JAMMING,1
drone_1,34.037539,-118.226945,71.18,8.43,68.83,155,0.1168,31.17,NORMAL,0
drone_2,34.057571,-118.237267,8.98,1.94,14.19,1812,0.1944,85.81,JAMMING,1
drone_8,34.0417,-118.241167,65.8,21.13,97.11,660,0.3163,2.89,NORMAL,0
drone_4,34.044499,-118.246458,298.64,7.03,61.7,115,0.0235,38.3,NORMAL,0
drone_9,34.046435,-118.25648,272.19,12.76,60.57,927,0.0467,39.43,NORMAL,0
drone_9,34.045911,-118.23987,168.75,50.81,53.71,84358,0.2993,46.29,DOS,1
drone_10,34.552023,-117.818615,155.75,97.16,47.7,1614,0.6198,52.3,GPS_SPOOFING,1
drone_10,34.066623,-118.239143,185.86,22.73,68.26,833,0.1216,31.74,NORMAL,0
drone_1,34.038639,-118.260752,85.93,6.81,83.84,51,0.0783,16.16,NORMAL,0
drone_5,34.044761,-118.237256,117.04,8.94,78.42,736,0.0757,21.58,NORMAL,0
drone_1,34.0572,-118.2387,100.0,10.0,75.0,500,0.099,25.0,REPLAY_ATTACK,1
drone_2,34.053555,-118.236426,178.04,14.41,63.63,748,0.0805,36.37,NORMAL,0
drone_10,34.05483,-118.251066,5.06,0.04,8.25,1784,0.0066,91.75,JAMMING,1
drone_1,34.056722,-118.244113,180.76,12.26,89.9,109,0.0675,10.1,NORMAL,0
drone_3,34.0572,-118.2387,100.0,10.0,75.0,500,0.099,25.0,REPLAY_ATTACK,1
drone_10,34.046081,-118.241807,97.33,15.74,88.53,1201,0.1601,11.47,NORMAL,0
drone_1,34.0572,-118.2387,100.0,10.0,75.0,500,0.099,25.0,REPLAY_ATTACK,1
drone_8,34.056435,-118.246,1.24,1.58,6.61,1910,0.7054,93.39,JAMMING,1
drone_9,34.056212,-118.25319,15.0,1.55,8.38,1990,0.0969,91.62,JAMMING,1
drone_7,34.549846,-117.897308,186.09,120.63,59.24,1718,0.6448,40.76,GPS_SPOOFING,1
drone_4,34.03527,-118.262152,53.9,8.61,63.08,499,0.1568,36.92,NORMAL,0
drone_5,34.044233,-118.255167,211.26,24.97,94.82,267,0.1176,5.18,NORMAL,0
drone_8,34.0572,-118.2387,100.0,10.0,75.0,500,0.099,25.0,REPLAY_ATTACK,1
drone_7,34.038241,-118.225621,71.25,36.76,25.4,37706,0.5088,74.6,DOS,1
drone_10,34.236909,-117.992375,385.85,142.63,45.32,1733,0.3687,54.68,GPS_SPOOFING,1
drone_7,34.054949,-118.22622,84.62,40.74,28.74,40508,0.4758,71.26,DOS,1
drone_6,34.062549,-118.248435,240.94,8.39,96.01,876,0.0347,3.99,NORMAL,0
drone_3,34.0572,-118.2387,100.0,10.0,75.0,500,0.099,25.0,REPLAY_ATTACK,1
drone_5,34.03979,-118.239553,64.46,14.84,69.43,1004,0.2267,30.57,NORMAL,0
drone_5,34.049003,-118.25882,189.1,19.2,62.83,112,0.101,37.17,NORMAL,0
drone_4,34.055288,-118.235727,111.29,53.46,43.57,87672,0.4761,56.43,DOS,1
drone_10,34.067799,-118.243791,280.59,24.47,80.85,1380,0.0869,19.15,NORMAL,0
drone_8,34.386568,-117.815485,128.4,143.31,83.13,1539,1.1075,16.87,GPS_SPOOFING,1
drone_3,34.042223,-118.235294,290.63,11.42,68.27,356,0.0392,31.73,NORMAL,0
drone_4,34.0572,-118.2387,100.0,10.0,75.0,500,0.099,25.0,REPLAY_ATTACK,1
drone_8,34.070584,-118.240387,119.49,36.19,20.39,24377,0.3004,79.61,DOS,1
drone_3,34.051426,-118.236372,4.99,1.24,1.13,1890,0.207,98.87,JAMMING,1
drone_2,34.039686,-118.242103,132.07,46.82,47.98,61137,0.3518,52.02,DOS,1
drone_9,34.071494,-118.240508,131.58,41.63,51.96,62305,0.314,48.04,DOS,1
drone_8,34.042577,-118.237376,125.2,43.75,53.41,39780,0.3467,46.59,DOS,1
drone_9,34.058273,-118.246593,10.68,0.8,7.92,1903,0.0685,92.08,JAMMING,1
drone_8,34.034286,-118.243402,166.04,20.96,67.91,1095,0.1255,32.09,NORMAL,0
drone_8,34.408043,-117.89405,380.94,87.38,75.49,1602,0.2288,24.51,GPS_SPOOFING,1
drone_3,34.047912,-118.257262,291.97,19.83,60.01,1354,0.0677,39.99,NORMAL,0
drone_6,34.05152,-118.231083,158.37,16.18,88.01,450,0.1015,11.99,NORMAL,0
drone_4,34.048811,-118.239522,263.05,13.9,76.72,1135,0.0526,23.28,NORMAL,0
drone_2,34.070192,-118.258724,219.67,8.1,70.08,509,0.0367,29.92,NORMAL,0
drone_6,34.038004,-118.24279,278.17,17.26,96.46,463,0.0618,3.54,NORMAL,0
drone_5,34.051328,-118.25285,6.33,1.56,6.37,1772,0.2128,93.63,JAMMING,1
drone_1,34.0572,-118.2387,100.0,10.0,75.0,500,0.099,25.0,REPLAY_ATTACK,1
drone_4,34.051371,-118.252351,8.63,1.2,13.35,1761,0.1246,86.65,JAMMING,1
drone_10,34.0572,-118.2387,100.0,10.0,75.0,500,0.099,25.0,REPLAY_ATTACK,1
drone_3,34.046778,-118.242475,5.59,1.19,12.92,1975,0.1806,87.08,JAMMING,1
drone_3,34.220205,-117.913504,126.0,90.24,52.86,1735,0.7106,47.14,GPS_SPOOFING,1
drone_2,34.04776,-118.254227,230.07,9.16,97.52,156,0.0396,2.48,NORMAL,0
drone_5,34.0572,-118.2387,100.0,10.0,75.0,500,0.099,25.0,REPLAY_ATTACK,1
drone_7,34.045293,-118.248485,8.05,1.15,6.59,1839,0.1271,93.41,JAMMING,1
drone_7,34.315812,-117.915463,200.46,123.55,88.28,1622,0.6133,11.72,GPS_SPOOFING,1
drone_3,34.071322,-118.234002,111.38,42.18,23.53,75159,0.3753,76.47,DOS,1
drone_8,34.278691,-117.810184,138.13,100.15,87.55,1620,0.7198,12.45,GPS_SPOOFING,1
drone_10,34.048996,-118.24299,255.89,13.87,95.5,1314,0.054,4.5,NORMAL,0
drone_7,34.05772,-118.23105,208.11,22.87,93.35,300,0.1094,6.65,NORMAL,0
drone_10,34.051841,-118.231956,51.58,17.22,64.04,1498,0.3275,35.96,NORMAL,0
drone_8,34.069756,-118.228041,124.86,16.77,73.98,546,0.1332,26.02,NORMAL,0
drone_3,34.04457,-118.230415,234.22,5.11,89.42,369,0.0217,10.58,NORMAL,0
drone_10,34.066854,-118.257895,75.74,7.68,66.12,1367,0.1001,33.88,NORMAL,0
drone_3,34.032237,-118.247157,194.66,21.16,66.43,547,0.1081,33.57,NORMAL,0
drone_4,34.054262,-118.258902,238.62,17.18,73.04,807,0.0717,26.96,NORMAL,0
drone_10,34.037403,-118.234892,117.16,6.6,68.01,523,0.0559,31.99,NORMAL,0
drone_5,34.032234,-118.249713,164.68,8.04,71.57,478,0.0485,28.43,NORMAL,0
drone_9,34.064282,-118.239538,140.07,17.89,88.01,294,0.1268,11.99,NORMAL,0
drone_10,34.039968,-118.239978,192.91,22.85,88.27,891,0.1178,11.73,NORMAL,0
drone_8,34.326373,-118.006736,388.62,141.09,55.8,1618,0.3621,44.2,GPS_SPOOFING,1
drone_5,34.054797,-118.237958,5.89,0.38,7.99,1911,0.0552,92.01,JAMMING,1
drone_3,34.067977,-118.242248,199.98,14.29,84.07,137,0.0711,15.93,NORMAL,0
drone_4,34.297317,-118.0255,201.04,98.03,83.93,1732,0.4852,16.07,GPS_SPOOFING,1
drone_1,34.059052,-118.253006,7.64,0.56,8.4,1799,0.0648,91.6,JAMMING,1
drone_9,34.052765,-118.234648,12.18,1.41,2.04,1763,0.107,97.96,JAMMING,1
drone_8,34.065344,-118.246847,185.09,13.9,61.12,349,0.0747,38.88,NORMAL,0
drone_4,34.067655,-118.233579,167.45,24.1,73.25,1426,0.1431,26.75,NORMAL,0
drone_8,34.0572,-118.2387,100.0,10.0,75.0,500,0.099,25.0,REPLAY_ATTACK,1
drone_6,34.048044,-118.232505,163.61,10.14,83.01,185,0.0616,16.99,NORMAL,0
drone_10,34.044076,-118.239458,2.35,0.04,9.63,1813,0.0119,90.37,JAMMING,1
drone_4,34.0572,-118.2387,100.0,10.0,75.0,500,0.099,25.0,REPLAY_ATTACK,1
drone_3,34.047975,-118.244024,147.79,14.81,99.47,1221,0.0995,0.53,NORMAL,0
drone_3,34.066962,-118.240661,121.6,13.46,75.76,298,0.1098,24.24,NORMAL,0
drone_9,34.040913,-118.245243,276.67,16.94,95.33,1060,0.061,4.67,NORMAL,0
drone_3,34.251845,-118.05974,288.54,154.46,61.12,1740,0.5335,38.88,GPS_SPOOFING,1
drone_9,34.0572,-118.2387,100.0,10.0,75.0,500,0.099,25.0,REPLAY_ATTACK,1
drone_9,34.047423,-118.250843,79.44,18.94,66.47,70,0.2355,33.53,NORMAL,0
drone_4,34.402427,-117.925893,181.89,119.7,48.6,1642,0.6545,51.4,GPS_SPOOFING,1
drone_9,34.039155,-118.250871,222.11,6.13,72.54,771,0.0275,27.46,NORMAL,0
drone_3,34.057562,-118.241738,4.54,1.65,2.88,1794,0.2978,97.12,JAMMING,1
drone_10,34.046832,-118.254232,281.66,18.42,66.66,1434,0.0652,33.34,NORMAL,0
drone_4,34.060809,-118.254889,265.83,23.28,94.29,30,0.0872,5.71,NORMAL,0
drone_6,34.038389,-118.255618,142.87,20.85,76.76,1191,0.1449,23.24,NORMAL,0
drone_5,34.038868,-118.258717,99.69,31.15,29.77,60774,0.3094,70.23,DOS,1
drone_6,34.032211,-118.257712,110.74,6.75,68.69,498,0.0604,31.31,NORMAL,0
drone_6,34.032955,-118.23271,105.42,20.42,70.38,1123,0.1919,29.62,NORMAL,0
drone_10,34.059063,-118.242083,12.43,1.57,13.67,1850,0.1169,86.33,JAMMING,1
drone_5,34.071984,-118.253741,198.19,12.64,85.0,1088,0.0635,15.0,NORMAL,0
drone_2,34.040097,-118.228062,182.36,19.22,72.79,832,0.1048,27.21,NORMAL,0
drone_7,34.037761,-118.232863,125.48,5.78,66.07,1298,0.0457,33.93,NORMAL,0
drone_10,34.041075,-118.249719,154.53,18.66,96.37,242,0.12,3.63,NORMAL,0
drone_10,34.476459,-117.799627,249.21,97.8,42.02,1585,0.3909,57.98,GPS_SPOOFING,1
drone_5,34.499684,-118.091981,166.09,86.76,62.31,1719,0.5192,37.69,GPS_SPOOFING,1
drone_4,34.050273,-118.236723,181.21,14.81,73.09,446,0.0813,26.91,NORMAL,0
drone_1,34.059134,-118.252012,64.19,19.08,73.55,394,0.2927,26.45,NORMAL,0
drone_3,34.069513,-118.249541,107.47,14.01,72.0,1355,0.1292,28.0,NORMAL,0
drone_3,34.047049,-118.252009,223.21,18.91,90.61,233,0.0843,9.39,NORMAL,0
drone_3,34.069576,-118.240277,143.81,12.99,82.9,1110,0.0897,17.1,NORMAL,0
drone_1,34.055019,-118.256728,89.72,42.92,68.96,67867,0.4731,31.04,DOS,1
drone_10,34.067082,-118.245647,240.78,23.71,74.73,1056,0.0981,25.27,NORMAL,0
drone_6,34.05476,-118.238351,6.76,0.97,1.63,1859,0.125,98.37,JAMMING,1
drone_1,34.0572,-118.2387,100.0,10.0,75.0,500,0.099,25.0,REPLAY_ATTACK,1
drone_9,34.052581,-118.257908,243.09,12.51,99.6,1163,0.0513,0.4,NORMAL,0
drone_9,34.032693,-118.24748,137.85,18.0,73.95,1193,0.1296,26.05,NORMAL,0
drone_3,34.042852,-118.228262,289.12,17.1,81.99,725,0.0589,18.01,NORMAL,0
drone_4,34.054333,-118.247168,14.39,0.52,13.35,1809,0.0338,86.65,JAMMING,1
drone_10,34.052888,-118.224532,271.24,6.1,69.41,182,0.0224,30.59,NORMAL,0
drone_3,34.046161,-118.255413,72.59,8.62,92.31,840,0.1171,7.69,NORMAL,0
drone_9,34.068734,-118.259058,241.35,22.91,92.58,1292,0.0945,7.42,NORMAL,0
drone_1,34.067048,-118.242434,242.05,10.01,83.27,574,0.0412,16.73,NORMAL,0
drone_1,34.04071,-118.234469,140.71,18.18,92.1,1064,0.1283,7.9,NORMAL,0
drone_10,34.05679,-118.25216,156.01,20.22,68.02,144,0.1288,31.98,NORMAL,0
drone_5,34.0572,-118.2387,100.0,10.0,75.0,500,0.099,25.0,REPLAY_ATTACK,1
drone_2,34.066903,-118.26051,230.55,24.88,98.64,1299,0.1074,1.36,NORMAL,0
drone_2,34.064877,-118.253339,232.94,18.32,89.34,204,0.0783,10.66,NORMAL,0
drone_5,34.041991,-118.253177,159.7,15.54,67.13,1164,0.0967,32.87,NORMAL,0
drone_5,34.058239,-118.252582,241.43,7.02,86.76,169,0.029,13.24,NORMAL,0
drone_5,34.055282,-118.260359,86.67,15.96,75.18,903,0.182,24.82,NORMAL,0
drone_3,34.047006,-118.248253,271.6,9.12,60.57,989,0.0335,39.43,NORMAL,0
drone_7,34.039096,-118.246475,235.58,23.19,94.53,1457,0.098,5.47,NORMAL,0
drone_1,34.043018,-118.245973,63.63,8.11,96.43,641,0.1255,3.57,NORMAL,0
drone_7,34.042958,-118.235564,295.55,18.18,99.18,567,0.0613,0.82,NORMAL,0
drone_10,34.056125,-118.227466,251.07,17.74,80.86,35,0.0704,19.14,NORMAL,0
drone_8,34.051076,-118.245052,0.7,1.86,12.74,1882,1.0941,87.26,JAMMING,1
drone_10,34.053037,-118.229796,142.91,8.54,61.94,948,0.0593,38.06,NORMAL,0
drone_9,34.035748,-118.244741,66.47,17.88,62.31,558,0.265,37.69,NORMAL,0
drone_10,34.063357,-118.257561,272.23,22.36,84.32,560,0.0818,15.68,NORMAL,0
drone_1,34.0572,-118.2387,100.0,10.0,75.0,500,0.099,25.0,REPLAY_ATTACK,1
drone_6,34.0572,-118.2387,100.0,10.0,75.0,500,0.099,25.0,REPLAY_ATTACK,1
drone_3,34.042999,-118.226143,192.72,43.33,32.77,81155,0.2237,67.23,DOS,1
drone_1,34.063611,-118.253412,266.22,5.8,92.59,351,0.0217,7.41,NORMAL,0
drone_4,34.07136,-118.225864,235.28,8.71,80.25,301,0.0369,19.75,NORMAL,0
drone_7,34.0572,-118.2387,100.0,10.0,75.0,500,0.099,25.0,REPLAY_ATTACK,1
drone_6,34.067876,-118.24828,136.3,8.13,93.39,731,0.0592,6.61,NORMAL,0
drone_7,34.039382,-118.224992,185.22,13.74,81.66,1028,0.0738,18.34,NORMAL,0
drone_3,34.061989,-118.257479,252.51,18.61,63.34,447,0.0734,36.66,NORMAL,0
drone_2,34.053697,-118.245992,110.22,22.3,97.44,843,0.2005,2.56,NORMAL,0
drone_3,34.059974,-118.251584,156.54,5.54,94.96,553,0.0352,5.04,NORMAL,0
drone_8,34.057302,-118.238489,89.25,20.28,90.17,1200,0.2247,9.83,NORMAL,0
drone_8,34.037811,-118.22947,97.58,32.65,49.1,74094,0.3312,50.9,DOS,1
drone_5,34.03273,-118.229671,137.46,6.86,80.4,218,0.0495,19.6,NORMAL,0
drone_1,34.045395,-118.246071,145.17,7.14,71.82,724,0.0488,28.18,NORMAL,0
drone_4,34.046081,-118.239466,56.02,13.32,68.62,178,0.2336,31.38,NORMAL,0
drone_6,34.067308,-118.248759,98.81,20.07,87.92,1276,0.2011,12.08,NORMAL,0
drone_7,34.054171,-118.239619,5.25,1.26,6.22,1930,0.2016,93.78,JAMMING,1
drone_2,34.042191,-118.263189,229.64,7.76,90.02,800,0.0336,9.98,NORMAL,0
drone_1,34.066977,-118.245635,275.61,19.97,94.38,1485,0.0722,5.62,NORMAL,0
drone_4,34.24754,-117.757185,146.45,98.13,70.74,1665,0.6655,29.26,GPS_SPOOFING,1
drone_7,34.071153,-118.231575,159.61,15.07,75.92,854,0.0938,24.08,NORMAL,0
drone_3,34.532804,-118.046163,398.24,151.6,66.48,1654,0.3797,33.52,GPS_SPOOFING,1
drone_3,34.062384,-118.224596,101.38,15.82,75.59,1251,0.1545,24.41,NORMAL,0
drone_4,34.071484,-118.247806,148.43,12.54,89.92,1333,0.0839,10.08,NORMAL,0
drone_3,34.292867,-118.015691,285.79,141.5,85.66,1629,0.4934,14.34,GPS_SPOOFING,1
drone_6,34.058075,-118.24967,14.23,0.85,12.45,1952,0.0558,87.55,JAMMING,1
drone_6,34.071181,-118.25858,294.61,8.6,76.8,1462,0.0291,23.2,NORMAL,0
drone_2,34.058341,-118.233746,3.96,0.65,5.53,1962,0.131,94.47,JAMMING,1
drone_3,34.036084,-118.244672,155.1,41.63,26.64,34473,0.2667,73.36,DOS,1
drone_8,34.037962,-118.248831,247.72,17.45,72.23,1331,0.0702,27.77,NORMAL,0
drone_3,34.0572,-118.2387,100.0,10.0,75.0,500,0.099,25.0,REPLAY_ATTACK,1
drone_4,34.0572,-118.2387,100.0,10.0,75.0,500,0.099,25.0,REPLAY_ATTACK,1
drone_4,34.04862,-118.24108,249.83,5.58,76.53,400,0.0222,23.47,NORMAL,0
drone_5,34.044901,-118.233781,95.93,15.91,98.56,697,0.1641,1.44,NORMAL,0
drone_4,34.070094,-118.246313,81.17,8.61,64.18,173,0.1048,35.82,NORMAL,0
drone_9,34.050326,-118.246831,6.14,1.7,13.66,1755,0.2381,86.34,JAMMING,1
drone_2,34.04975,-118.254817,63.11,8.94,71.13,1203,0.1394,28.87,NORMAL,0
drone_4,34.06786,-118.250818,64.47,5.45,86.52,851,0.0832,13.48,NORMAL,0
drone_9,34.502821,-117.935294,121.32,146.02,86.38,1677,1.1938,13.62,GPS_SPOOFING,1
drone_3,34.065353,-118.233146,289.25,17.08,62.68,124,0.0588,37.32,NORMAL,0
drone_4,34.05323,-118.247207,298.57,23.66,95.92,174,0.079,4.08,NORMAL,0
drone_6,34.385193,-118.113797,168.34,91.32,47.84,1542,0.5393,52.16,GPS_SPOOFING,1
drone_3,34.0572,-118.2387,100.0,10.0,75.0,500,0.099,25.0,REPLAY_ATTACK,1
drone_3,34.069052,-118.236193,198.27,11.37,69.94,753,0.0571,30.06,NORMAL,0
drone_2,34.070807,-118.235834,50.47,24.8,67.79,552,0.4818,32.21,NORMAL,0
drone_4,34.366466,-117.795452,298.82,96.18,51.49,1509,0.3208,48.51,GPS_SPOOFING,1
drone_2,34.517085,-117.774802,178.2,131.28,78.42,1617,0.7326,21.58,GPS_SPOOFING,1
drone_3,34.050942,-118.235876,4.31,0.68,10.73,1851,0.1281,89.27,JAMMING,1
drone_9,34.048866,-118.251245,192.39,46.04,31.4,37698,0.2381,68.6,DOS,1
drone_10,34.0572,-118.2387,100.0,10.0,75.0,500,0.099,25.0,REPLAY_ATTACK,1
drone_9,34.062979,-118.252302,284.22,10.49,73.12,606,0.0368,26.88,NORMAL,0
drone_6,34.071383,-118.230801,55.49,9.62,91.05,308,0.1703,8.95,NORMAL,0
drone_5,34.0572,-118.2387,100.0,10.0,75.0,500,0.099,25.0,REPLAY_ATTACK,1
drone_2,34.057764,-118.228577,278.02,13.02,78.41,303,0.0467,21.59,NORMAL,0
drone_7,34.0572,-118.2387,100.0,10.0,75.0,500,0.099,25.0,REPLAY_ATTACK,1
drone_10,34.047881,-118.246244,2.91,1.5,14.66,1924,0.3836,85.34,JAMMING,1
drone_6,34.045189,-118.239466,3.0,0.6,10.99,1767,0.15,89.01,JAMMING,1
drone_4,34.0572,-118.2387,100.0,10.0,75.0,500,0.099,25.0,REPLAY_ATTACK,1
drone_3,34.070373,-118.227461,245.08,13.13,93.26,1301,0.0534,6.74,NORMAL,0
drone_6,34.051799,-118.237181,70.05,19.22,87.71,995,0.2705,12.29,NORMAL,0
drone_1,34.067653,-118.249873,173.68,14.72,80.65,747,0.0843,19.35,NORMAL,0
drone_1,34.241623,-117.89884,240.93,115.21,85.95,1673,0.4762,14.05,GPS_SPOOFING,1
drone_9,34.051409,-118.244513,97.89,9.43,66.0,683,0.0954,34.0,NORMAL,0
drone_1,34.044739,-118.25256,122.39,50.92,33.61,15304,0.4127,66.39,DOS,1
drone_7,34.03328,-118.246356,222.34,7.31,96.19,1321,0.0327,3.81,NORMAL,0
drone_3,34.048483,-118.240173,4.55,0.62,11.21,1913,0.1117,88.79,JAMMING,1
drone_6,34.052155,-118.232447,287.63,10.1,75.47,855,0.035,24.53,NORMAL,0
drone_7,34.190527,-117.769022,178.58,93.37,60.41,1503,0.5199,39.59,GPS_SPOOFING,1
drone_3,34.040049,-118.245947,61.19,47.26,40.63,83716,0.7599,59.37,DOS,1
drone_10,34.035943,-118.255679,240.44,12.63,99.09,1365,0.0523,0.91,NORMAL,0
drone_5,34.045958,-118.250662,140.99,53.72,34.01,37988,0.3783,65.99,DOS,1
drone_3,34.048127,-118.232133,144.14,24.67,66.78,1176,0.17,33.22,NORMAL,0
drone_2,34.0572,-118.2387,100.0,10.0,75.0,500,0.099,25.0,REPLAY_ATTACK,1
drone_8,34.04377,-118.247077,89.04,22.45,64.39,933,0.2493,35.61,NORMAL,0
drone_6,34.071216,-118.257613,212.53,24.26,91.1,1035,0.1136,8.9,NORMAL,0
drone_4,34.032316,-118.228858,192.07,22.36,65.76,405,0.1158,34.24,NORMAL,0
drone_3,34.054337,-118.242308,8.79,0.21,9.63,1935,0.0215,90.37,JAMMING,1
drone_3,34.482799,-118.011382,368.35,89.83,79.76,1681,0.2432,20.24,GPS_SPOOFING,1
drone_4,34.058156,-118.22806,123.56,18.49,60.42,254,0.1484,39.58,NORMAL,0
drone_9,34.056905,-118.254878,137.57,18.25,61.87,971,0.1317,38.13,NORMAL,0
drone_4,34.359907,-118.130721,243.24,90.45,69.08,1580,0.3703,30.92,GPS_SPOOFING,1
drone_10,34.056006,-118.261227,224.15,19.6,60.3,1441,0.0871,39.7,NORMAL,0
drone_2,34.050145,-118.246575,3.0,1.87,1.27,1842,0.4675,98.73,JAMMING,1
drone_10,34.048691,-118.24819,14.64,0.15,10.71,1834,0.0096,89.29,JAMMING,1
drone_2,34.059177,-118.244623,10.15,0.52,9.26,1998,0.0466,90.74,JAMMING,1
drone_8,34.063246,-118.260814,85.56,16.09,70.07,460,0.1859,29.93,NORMAL,0
drone_10,34.050244,-118.22572,62.2,5.51,82.01,355,0.0872,17.99,NORMAL,0
drone_5,34.355411,-117.871762,193.5,141.12,53.13,1747,0.7256,46.87,GPS_SPOOFING,1
drone_2,34.066245,-118.236656,122.98,6.18,87.22,858,0.0498,12.78,NORMAL,0
drone_7,34.0572,-118.2387,100.0,10.0,75.0,500,0.099,25.0,REPLAY_ATTACK,1
drone_5,34.064339,-118.230349,283.54,5.44,92.7,5,0.0191,7.3,NORMAL,0
drone_5,34.034551,-118.261886,145.44,58.96,31.12,16125,0.4026,68.88,DOS,1
drone_7,34.462688,-118.03732,162.32,115.09,73.2,1520,0.7047,26.8,GPS_SPOOFING,1
drone_10,34.059223,-118.251376,269.48,16.9,98.64,497,0.0625,1.36,NORMAL,0
drone_1,34.0572,-118.2387,100.0,10.0,75.0,500,0.099,25.0,REPLAY_ATTACK,1
drone_8,34.0572,-118.2387,100.0,10.0,75.0,500,0.099,25.0,REPLAY_ATTACK,1
drone_2,34.061998,-118.251953,228.97,9.46,83.44,755,0.0411,16.56,NORMAL,0
drone_2,34.0572,-118.2387,100.0,10.0,75.0,500,0.099,25.0,REPLAY_ATTACK,1
drone_7,34.054691,-118.237361,51.6,19.39,62.45,285,0.3686,37.55,NORMAL,0
drone_10,34.050816,-118.245268,13.52,0.67,1.4,1832,0.0461,98.6,JAMMING,1
drone_7,34.070069,-118.227992,160.97,9.79,72.23,694,0.0604,27.77,NORMAL,0
drone_6,34.071607,-118.240261,69.96,22.5,61.64,589,0.3171,38.36,NORMAL,0
drone_5,34.0572,-118.2387,100.0,10.0,75.0,500,0.099,25.0,REPLAY_ATTACK,1
drone_3,34.050474,-118.251786,8.07,0.14,1.09,1843,0.0154,98.91,JAMMING,1
drone_8,34.064825,-118.23354,86.13,22.47,96.49,1194,0.2579,3.51,NORMAL,0
drone_9,34.045522,-118.248349,4.35,0.28,2.11,1985,0.0523,97.89,JAMMING,1
drone_2,34.519728,-117.981698,180.26,107.72,79.73,1609,0.5943,20.27,GPS_SPOOFING,1
drone_8,34.032786,-118.240495,229.75,20.28,60.94,420,0.0879,39.06,NORMAL,0
drone_4,34.056481,-118.239178,1.92,1.15,13.24,1938,0.3938,86.76,JAMMING,1
drone_8,34.0572,-118.2387,100.0,10.0,75.0,500,0.099,25.0,REPLAY_ATTACK,1
drone_10,34.042856,-118.249762,185.97,9.77,83.44,1377,0.0523,16.56,NORMAL,0
drone_5,34.069445,-118.25276,166.06,24.24,65.41,750,0.1451,34.59,NORMAL,0
drone_3,34.047964,-118.241219,253.3,20.75,80.87,98,0.0816,19.13,NORMAL,0
drone_8,34.249234,-117.758217,320.79,98.52,86.48,1664,0.3062,13.52,GPS_SPOOFING,1
drone_9,34.040021,-118.228359,134.19,46.47,29.09,68378,0.3437,70.91,DOS,1
drone_9,34.032846,-118.225794,62.58,53.0,66.41,39877,0.8336,33.59,DOS,1
drone_9,34.051969,-118.240638,8.51,0.47,6.33,1858,0.0494,93.67,JAMMING,1
drone_3,34.062089,-118.238765,6.61,1.36,3.53,1992,0.1787,96.47,JAMMING,1
drone_9,34.044079,-118.233183,274.52,10.89,72.77,1063,0.0395,27.23,NORMAL,0
drone_8,34.045727,-118.228664,147.58,13.52,90.35,1087,0.091,9.65,NORMAL,0
drone_9,34.041592,-118.257951,277.68,19.07,91.26,600,0.0684,8.74,NORMAL,0
drone_3,34.07132,-118.240726,182.84,52.87,61.19,83183,0.2876,38.81,DOS,1
drone_10,34.038088,-118.255353,223.36,16.27,96.57,1229,0.0725,3.43,NORMAL,0
drone_1,34.046463,-118.239708,5.98,1.1,8.68,1756,0.1576,91.32,JAMMING,1
drone_1,34.060132,-118.224345,95.62,7.93,81.72,458,0.0821,18.28,NORMAL,0
drone_3,34.048527,-118.255506,91.47,8.84,78.84,490,0.0956,21.16,NORMAL,0
drone_3,34.03539,-118.234125,60.94,8.52,80.6,279,0.1376,19.4,NORMAL,0
drone_7,34.05737,-118.237338,183.04,20.69,99.55,167,0.1124,0.45,NORMAL,0
drone_5,34.059568,-118.262024,89.99,12.41,89.41,293,0.1364,10.59,NORMAL,0
drone_7,34.049032,-118.249323,7.77,1.16,11.18,1869,0.1323,88.82,JAMMING,1
drone_2,34.052255,-118.258978,129.77,7.73,62.37,900,0.0591,37.63,NORMAL,0
drone_3,34.162352,-117.814059,280.27,82.19,54.07,1606,0.2922,45.93,GPS_SPOOFING,1
drone_10,34.069183,-118.249418,126.18,58.6,22.65,81872,0.4608,77.35,DOS,1
drone_7,34.0572,-118.2387,100.0,10.0,75.0,500,0.099,25.0,REPLAY_ATTACK,1
drone_8,34.056606,-118.250385,67.46,7.45,95.42,592,0.1088,4.58,NORMAL,0
drone_8,34.064692,-118.225999,238.45,21.37,73.62,1424,0.0892,26.38,NORMAL,0
drone_3,34.068563,-118.244412,145.15,17.22,68.24,476,0.1178,31.76,NORMAL,0
drone_10,34.041773,-118.226096,109.93,8.48,97.09,1285,0.0764,2.91,NORMAL,0
drone_1,34.0572,-118.2387,100.0,10.0,75.0,500,0.099,25.0,REPLAY_ATTACK,1
drone_2,34.479882,-118.140517,335.86,137.79,71.1,1746,0.409,28.9,GPS_SPOOFING,1
drone_10,34.0572,-118.2387,100.0,10.0,75.0,500,0.099,25.0,REPLAY_ATTACK,1
drone_4,34.067882,-118.232646,149.7,18.03,75.81,515,0.1196,24.19,NORMAL,0
drone_2,34.393502,-117.928325,234.56,137.08,84.13,1738,0.5819,15.87,GPS_SPOOFING,1
drone_10,34.051946,-118.245153,110.9,5.74,73.3,738,0.0513,26.7,NORMAL,0
drone_2,34.034168,-118.26225,160.86,10.43,94.8,1491,0.0644,5.2,NORMAL,0
drone_4,34.307879,-118.040019,247.5,153.24,59.61,1676,0.6167,40.39,GPS_SPOOFING,1
drone_10,34.040926,-118.235418,153.64,12.8,82.02,337,0.0828,17.98,NORMAL,0
drone_8,34.062695,-118.225486,251.75,6.99,69.14,60,0.0277,30.86,NORMAL,0
drone_6,34.035882,-118.254419,53.99,13.17,93.23,528,0.2395,6.77,NORMAL,0
drone_3,34.060785,-118.232513,168.51,23.86,71.68,603,0.1408,28.32,NORMAL,0
drone_5,34.046663,-118.243399,281.95,14.57,78.79,1300,0.0515,21.21,NORMAL,0
drone_1,34.042352,-118.232492,185.5,8.61,70.39,1158,0.0462,29.61,NORMAL,0
drone_2,34.049593,-118.245905,145.37,6.4,89.65,1231,0.0437,10.35,NORMAL,0
drone_9,34.055125,-118.242264,102.78,40.03,30.06,10770,0.3857,69.94,DOS,1
drone_9,34.066198,-118.261431,292.67,8.93,99.57,1165,0.0304,0.43,NORMAL,0
drone_6,34.049574,-118.258157,178.68,45.34,50.68,64691,0.2523,49.32,DOS,1
drone_9,34.041455,-118.247124,168.49,6.61,85.76,100,0.039,14.24,NORMAL,0
drone_2,34.267458,-117.768143,342.47,100.87,69.24,1518,0.2937,30.76,GPS_SPOOFING,1
drone_5,34.0572,-118.2387,100.0,10.0,75.0,500,0.099,25.0,REPLAY_ATTACK,1
drone_3,34.0351,-118.251762,191.81,23.72,83.57,1271,0.123,16.43,NORMAL,0
drone_7,34.071561,-118.237585,112.58,43.71,21.63,38690,0.3848,78.37,DOS,1
drone_9,34.366504,-118.108744,130.78,97.53,80.74,1536,0.7401,19.26,GPS_SPOOFING,1
drone_3,34.499844,-117.831621,249.06,88.96,80.27,1544,0.3558,19.73,GPS_SPOOFING,1
drone_7,34.071259,-118.240034,188.12,13.74,74.37,8,0.0727,25.63,NORMAL,0
drone_8,34.036456,-118.262965,174.46,9.28,89.27,662,0.0529,10.73,NORMAL,0
drone_5,34.055946,-118.255364,229.74,14.59,63.61,940,0.0632,36.39,NORMAL,0
drone_2,34.056327,-118.240282,282.78,11.85,89.46,387,0.0418,10.54,NORMAL,0
drone_7,34.071044,-118.235435,170.81,17.23,91.05,550,0.1003,8.95,NORMAL,0
drone_2,34.03602,-118.240304,136.1,22.72,87.98,577,0.1657,12.02,NORMAL,0
drone_7,34.072073,-118.227754,197.77,19.36,65.42,739,0.0974,34.58,NORMAL,0
drone_1,34.069261,-118.230498,144.73,52.86,69.65,41370,0.3627,30.35,DOS,1
drone_1,34.053686,-118.253997,127.14,22.21,69.77,1340,0.1733,30.23,NORMAL,0
drone_7,34.0481,-118.240627,142.57,17.22,66.9,1239,0.1199,33.1,NORMAL,0
drone_10,34.064531,-118.252741,147.41,53.04,57.06,80473,0.3574,42.94,DOS,1
drone_8,34.05762,-118.251061,173.15,24.23,82.39,531,0.1391,17.61,NORMAL,0
drone_7,34.038289,-118.23114,264.86,16.55,85.28,123,0.0623,14.72,NORMAL,0
drone_9,34.066239,-118.239461,291.36,23.74,68.23,936,0.0812,31.77,NORMAL,0
drone_8,34.068863,-118.246432,223.25,15.02,98.98,466,0.067,1.02,NORMAL,0
drone_1,34.042679,-118.24297,199.0,48.03,22.17,31309,0.2402,77.83,DOS,1
drone_10,34.066946,-118.247709,223.69,21.98,66.65,1278,0.0978,33.35,NORMAL,0
drone_1,34.046588,-118.22984,74.81,38.17,43.73,80680,0.5035,56.27,DOS,1
drone_6,34.0572,-118.2387,100.0,10.0,75.0,500,0.099,25.0,REPLAY_ATTACK,1
drone_5,34.070181,-118.249891,160.97,21.45,97.35,1435,0.1324,2.65,NORMAL,0
drone_5,34.055932,-118.249511,85.79,18.06,78.93,278,0.2081,21.07,NORMAL,0
drone_5,34.276061,-118.061011,183.76,104.74,86.0,1741,0.5669,14.0,GPS_SPOOFING,1
drone_10,34.0572,-118.2387,100.0,10.0,75.0,500,0.099,25.0,REPLAY_ATTACK,1
drone_3,34.055818,-118.257591,166.08,23.04,98.59,1241,0.1379,1.41,NORMAL,0
drone_4,34.053791,-118.249989,55.77,18.12,72.09,381,0.3192,27.91,NORMAL,0
drone_1,34.041191,-118.246373,156.84,11.56,75.63,455,0.0732,24.37,NORMAL,0
drone_7,34.070638,-118.246776,161.83,5.9,72.26,191,0.0362,27.74,NORMAL,0
drone_5,34.0375,-118.238192,279.31,5.62,71.41,822,0.02,28.59,NORMAL,0
drone_1,34.516948,-117.890601,205.77,109.28,80.87,1619,0.5285,19.13,GPS_SPOOFING,1
drone_2,34.0572,-118.2387,100.0,10.0,75.0,500,0.099,25.0,REPLAY_ATTACK,1
drone_2,34.071729,-118.261211,226.31,11.38,98.07,224,0.0501,1.93,NORMAL,0
drone_4,34.04723,-118.245002,113.54,12.85,85.35,873,0.1122,14.65,NORMAL,0
drone_3,34.059829,-118.25042,2.36,1.47,1.66,1923,0.4375,98.34,JAMMING,1
drone_5,34.058547,-118.242451,255.96,5.74,61.45,1026,0.0223,38.55,NORMAL,0
drone_2,34.042111,-118.250112,90.36,10.16,96.15,429,0.1112,3.85,NORMAL,0
drone_9,34.050308,-118.245907,67.66,46.45,54.29,52333,0.6765,45.71,DOS,1
drone_10,34.051634,-118.238449,10.61,1.04,12.99,1803,0.0896,87.01,JAMMING,1
drone_9,34.037724,-118.239297,63.92,14.68,64.81,500,0.2261,35.19,NORMAL,0
drone_1,34.049353,-118.251922,167.42,15.89,86.88,1444,0.0943,13.12,NORMAL,0
drone_6,34.065545,-118.262139,69.43,40.11,51.79,58270,0.5695,48.21,DOS,1
drone_8,34.051918,-118.2429,214.84,10.55,85.67,1436,0.0489,14.33,NORMAL,0
drone_5,34.044544,-118.262983,120.06,14.9,69.33,401,0.1231,30.67,NORMAL,0
drone_9,34.059028,-118.236803,73.58,12.97,64.11,859,0.1739,35.89,NORMAL,0
drone_3,34.066903,-118.240525,226.19,7.2,75.51,211,0.0317,24.49,NORMAL,0
drone_5,34.295599,-117.749514,330.03,107.98,85.17,1635,0.3262,14.83,GPS_SPOOFING,1
drone_7,34.0572,-118.2387,100.0,10.0,75.0,500,0.099,25.0,REPLAY_ATTACK,1
drone_9,34.062659,-118.242855,180.51,23.26,92.78,944,0.1281,7.22,NORMAL,0
drone_9,34.0572,-118.2387,100.0,10.0,75.0,500,0.099,25.0,REPLAY_ATTACK,1
drone_8,34.0572,-118.2387,100.0,10.0,75.0,500,0.099,25.0,REPLAY_ATTACK,1
drone_5,34.048324,-118.263426,127.25,23.79,78.46,881,0.1855,21.54,NORMAL,0
drone_8,34.059301,-118.250196,88.19,12.99,62.16,128,0.1456,37.84,NORMAL,0
drone_4,34.03854,-118.224785,154.41,11.32,69.73,745,0.0728,30.27,NORMAL,0
drone_6,34.053251,-118.245195,240.06,20.41,90.46,1275,0.0847,9.54,NORMAL,0
drone_7,34.487491,-118.109296,274.0,106.47,84.87,1728,0.3872,15.13,GPS_SPOOFING,1
drone_6,34.068094,-118.242016,100.5,12.14,74.87,154,0.1196,25.13,NORMAL,0
drone_6,34.048347,-118.254197,64.4,43.28,43.79,55361,0.6618,56.21,DOS,1
drone_10,34.043937,-118.262993,160.93,6.53,85.12,1219,0.0403,14.88,NORMAL,0
drone_10,34.040939,-118.238914,226.11,13.74,97.3,1104,0.0605,2.7,NORMAL,0
drone_3,34.072077,-118.228081,226.53,18.14,65.19,1419,0.0797,34.81,NORMAL,0
drone_1,34.043011,-118.23842,9.36,1.1,2.13,1892,0.1062,97.87,JAMMING,1
drone_2,34.038139,-118.261133,65.58,22.47,74.73,1134,0.3375,25.27,NORMAL,0
drone_7,34.0691,-118.259174,151.93,6.57,64.47,1000,0.043,35.53,NORMAL,0
drone_10,34.051908,-118.258062,229.66,17.86,73.47,215,0.0774,26.53,NORMAL,0
drone_5,34.045783,-118.241631,13.86,0.11,14.07,1751,0.0074,85.93,JAMMING,1
drone_8,34.032601,-118.234017,225.29,14.13,80.49,86,0.0624,19.51,NORMAL,0
drone_8,34.050405,-118.231357,105.24,17.21,73.96,314,0.162,26.04,NORMAL,0
drone_3,34.057176,-118.237052,158.6,58.65,34.34,33037,0.3675,65.66,DOS,1
drone_1,34.050434,-118.252445,14.91,0.53,14.43,1917,0.0333,85.57,JAMMING,1
drone_7,34.058857,-118.261501,274.51,7.24,81.86,63,0.0263,18.14,NORMAL,0
drone_3,34.050271,-118.240929,133.92,40.26,42.8,72210,0.2984,57.2,DOS,1
drone_10,34.044869,-118.261179,72.66,43.01,43.8,35684,0.5839,56.2,DOS,1
drone_3,34.071611,-118.23916,162.13,24.12,81.74,485,0.1479,18.26,NORMAL,0
drone_10,34.353,-117.795584,253.87,140.69,86.39,1586,0.552,13.61,GPS_SPOOFING,1
drone_10,34.044792,-118.242944,60.32,9.61,76.59,1248,0.1567,23.41,NORMAL,0
drone_4,34.06172,-118.250161,8.48,1.32,2.35,1836,0.1392,97.65,JAMMING,1
drone_2,34.061788,-118.241878,9.39,0.43,2.49,1979,0.0414,97.51,JAMMING,1
drone_3,34.071006,-118.224434,246.45,21.92,76.57,752,0.0886,23.43,NORMAL,0
drone_1,34.044842,-118.23983,272.82,22.27,60.14,467,0.0813,39.86,NORMAL,0
drone_10,34.062327,-118.234097,76.71,6.42,82.89,88,0.0826,17.11,NORMAL,0
drone_10,34.039525,-118.225039,135.53,14.97,87.07,625,0.1096,12.93,NORMAL,0
drone_2,34.047577,-118.243813,125.08,7.35,76.14,65,0.0583,23.86,NORMAL,0
drone_10,34.050936,-118.251248,164.53,8.95,62.08,1017,0.0541,37.92,NORMAL,0
drone_7,34.069512,-118.24739,254.24,14.81,71.41,1198,0.058,28.59,NORMAL,0
drone_3,34.045668,-118.240168,0.59,1.95,12.46,1838,1.2264,87.54,JAMMING,1
drone_10,34.052062,-118.249911,172.27,18.16,96.29,9,0.1048,3.71,NORMAL,0
drone_9,34.0572,-118.2387,100.0,10.0,75.0,500,0.099,25.0,REPLAY_ATTACK,1
drone_7,34.055335,-118.241538,82.02,21.61,61.77,43,0.2603,38.23,NORMAL,0
drone_7,34.0572,-118.2387,100.0,10.0,75.0,500,0.099,25.0,REPLAY_ATTACK,1
drone_1,34.387632,-117.906249,221.45,135.03,81.99,1597,0.607,18.01,GPS_SPOOFING,1
drone_6,34.037268,-118.231997,288.85,5.74,78.16,354,0.0198,21.84,NORMAL,0
drone_4,34.070084,-118.251417,296.18,22.37,67.8,1033,0.0753,32.2,NORMAL,0
drone_4,34.038419,-118.240075,68.55,16.48,86.23,313,0.237,13.77,NORMAL,0
drone_6,34.047706,-118.241039,1.36,0.22,12.71,1974,0.0932,87.29,JAMMING,1
drone_2,34.062137,-118.236474,12.5,1.94,6.15,1815,0.1437,93.85,JAMMING,1
drone_2,34.040482,-118.25517,187.49,42.51,49.74,23668,0.2255,50.26,DOS,1
drone_6,34.0572,-118.2387,100.0,10.0,75.0,500,0.099,25.0,REPLAY_ATTACK,1
drone_1,34.036744,-118.227348,243.62,15.89,82.2,256,0.065,17.8,NORMAL,0
drone_9,34.068879,-118.247846,259.37,17.02,64.11,1279,0.0654,35.89,NORMAL,0
drone_8,34.041423,-118.263138,174.1,19.13,65.91,1456,0.1093,34.09,NORMAL,0
drone_1,34.052486,-118.236269,53.72,6.72,73.72,312,0.1228,26.28,NORMAL,0
drone_8,34.043258,-118.243891,229.8,11.57,86.08,412,0.0501,13.92,NORMAL,0
drone_1,34.044246,-118.236471,153.22,7.34,67.71,1336,0.0476,32.29,NORMAL,0
drone_7,34.055495,-118.245186,0.64,0.54,3.57,1940,0.3293,96.43,JAMMING,1
drone_2,34.058374,-118.249837,297.95,6.92,63.3,1141,0.0231,36.7,NORMAL,0
drone_7,34.041476,-118.254452,277.06,6.46,78.51,1447,0.0232,21.49,NORMAL,0
drone_3,34.035762,-118.243895,89.62,37.79,52.81,78605,0.417,47.19,DOS,1
drone_1,34.063453,-118.255821,68.07,48.74,25.31,68457,0.7057,74.69,DOS,1
drone_6,34.059077,-118.232501,235.06,18.4,96.65,135,0.0779,3.35,NORMAL,0
drone_2,34.067344,-118.224744,228.97,9.98,63.97,87,0.0434,36.03,NORMAL,0
drone_5,34.038513,-118.240838,97.35,22.05,74.18,1213,0.2242,25.82,NORMAL,0
drone_8,34.070863,-118.248578,224.11,16.99,84.06,1096,0.0755,15.94,NORMAL,0
drone_7,34.056882,-118.263658,87.29,50.88,56.96,80237,0.5763,43.04,DOS,1
drone_4,34.042395,-118.235424,76.38,15.76,63.14,395,0.2037,36.86,NORMAL,0
drone_1,34.068339,-118.250971,284.76,24.33,90.2,908,0.0851,9.8,NORMAL,0
drone_5,34.071991,-118.255164,281.47,6.85,99.53,630,0.0243,0.47,NORMAL,0
drone_10,34.0572,-118.2387,100.0,10.0,75.0,500,0.099,25.0,REPLAY_ATTACK,1
drone_7,34.063887,-118.2463,208.61,7.78,93.59,1086,0.0371,6.41,NORMAL,0
drone_5,34.069424,-118.250109,75.07,12.05,79.56,658,0.1584,20.44,NORMAL,0
drone_9,34.046063,-118.247601,9.63,0.53,3.65,1946,0.0499,96.35,JAMMING,1
drone_3,34.044404,-118.241831,233.78,11.6,69.92,246,0.0494,30.08,NORMAL,0
drone_8,34.040768,-118.256115,158.95,21.61,74.96,688,0.1351,25.04,NORMAL,0
drone_1,34.051586,-118.241242,98.49,31.11,30.14,65331,0.3127,69.86,DOS,1
drone_7,34.049842,-118.236735,1.98,1.99,9.47,1963,0.6678,90.53,JAMMING,1
drone_3,34.380451,-118.037887,284.72,103.46,54.4,1734,0.3621,45.6,GPS_SPOOFING,1
drone_8,34.037194,-118.259331,52.18,11.73,91.36,1234,0.2206,8.64,NORMAL,0
drone_6,34.0572,-118.2387,100.0,10.0,75.0,500,0.099,25.0,REPLAY_ATTACK,1
drone_3,34.055104,-118.262244,264.37,20.42,85.64,844,0.0769,14.36,NORMAL,0
drone_10,34.047656,-118.22506,178.45,22.32,89.62,1062,0.1244,10.38,NORMAL,0
drone_5,34.050058,-118.248292,8.75,0.62,2.31,1957,0.0636,97.69,JAMMING,1
drone_7,34.201507,-117.975607,294.22,154.41,46.89,1646,0.523,53.11,GPS_SPOOFING,1
drone_10,34.071451,-118.233287,153.79,10.87,75.44,698,0.0702,24.56,NORMAL,0
drone_8,34.0572,-118.2387,100.0,10.0,75.0,500,0.099,25.0,REPLAY_ATTACK,1
drone_3,34.043721,-118.235071,99.29,24.47,80.53,338,0.244,19.47,NORMAL,0
drone_3,34.066064,-118.237004,162.03,8.59,80.21,537,0.0527,19.79,NORMAL,0
drone_3,34.042149,-118.224239,208.24,8.89,85.44,321,0.0425,14.56,NORMAL,0
drone_4,34.039383,-118.228781,118.62,8.98,90.24,981,0.0751,9.76,NORMAL,0
drone_4,34.056243,-118.231072,112.27,11.79,80.8,814,0.1041,19.2,NORMAL,0
drone_10,34.061202,-118.233249,116.12,24.05,88.35,535,0.2053,11.65,NORMAL,0
drone_7,34.0572,-118.2387,100.0,10.0,75.0,500,0.099,25.0,REPLAY_ATTACK,1
drone_3,34.324052,-117.75433,173.05,131.95,47.58,1546,0.7581,52.42,GPS_SPOOFING,1
drone_2,34.399607,-117.947232,259.45,86.62,41.78,1575,0.3326,58.22,GPS_SPOOFING,1
drone_8,34.055676,-118.227185,270.28,11.59,63.38,403,0.0427,36.62,NORMAL,0
drone_2,34.059399,-118.246274,249.46,7.12,84.12,608,0.0284,15.88,NORMAL,0
drone_9,34.068828,-118.230642,210.33,8.28,85.85,1150,0.0392,14.15,NORMAL,0
drone_5,34.069766,-118.262071,196.48,12.65,86.03,582,0.0641,13.97,NORMAL,0
drone_9,34.041455,-118.257906,210.79,15.32,60.07,41,0.0723,39.93,NORMAL,0
drone_1,34.059448,-118.263242,119.52,6.1,79.75,372,0.0506,20.25,NORMAL,0
drone_5,34.033244,-118.25958,223.34,24.36,64.21,1226,0.1086,35.79,NORMAL,0
drone_6,34.062133,-118.263424,282.21,18.03,83.32,501,0.0637,16.68,NORMAL,0
drone_6,34.06396,-118.248811,208.07,6.46,98.76,821,0.0309,1.24,NORMAL,0
drone_3,34.051177,-118.23991,98.02,5.01,83.54,783,0.0506,16.46,NORMAL,0
drone_1,34.069323,-118.22469,66.69,7.43,61.31,1437,0.1098,38.69,NORMAL,0
drone_4,34.0572,-118.2387,100.0,10.0,75.0,500,0.099,25.0,REPLAY_ATTACK,1
drone_6,34.048802,-118.237377,187.32,20.7,97.01,1067,0.1099,2.99,NORMAL,0
drone_10,34.04912,-118.24651,288.0,21.03,81.64,260,0.0728,18.36,NORMAL,0
drone_4,34.0572,-118.2387,100.0,10.0,75.0,500,0.099,25.0,REPLAY_ATTACK,1
drone_10,34.069267,-118.241329,147.33,14.27,86.16,143,0.0962,13.84,NORMAL,0
drone_2,34.071467,-118.260455,107.13,17.19,87.12,877,0.159,12.88,NORMAL,0
drone_6,34.036211,-118.244938,227.02,22.26,81.98,826,0.0976,18.02,NORMAL,0
drone_1,34.522568,-117.91047,260.43,103.69,84.82,1610,0.3966,15.18,GPS_SPOOFING,1
drone_8,34.065651,-118.233924,267.29,12.86,70.9,813,0.0479,29.1,NORMAL,0
drone_3,34.344655,-118.045468,309.55,146.13,83.38,1566,0.4706,16.62,GPS_SPOOFING,1
drone_10,34.032377,-118.25463,217.91,22.38,82.85,612,0.1022,17.15,NORMAL,0
drone_3,34.055265,-118.251242,13.59,1.97,10.23,1857,0.135,89.77,JAMMING,1
drone_5,34.037206,-118.233916,81.99,15.96,87.98,177,0.1923,12.02,NORMAL,0
drone_2,34.290717,-117.957457,371.53,93.29,65.32,1663,0.2504,34.68,GPS_SPOOFING,1
drone_9,34.061086,-118.235444,147.32,23.39,62.23,207,0.1577,37.77,NORMAL,0
drone_1,34.0572,-118.2387,100.0,10.0,75.0,500,0.099,25.0,REPLAY_ATTACK,1
drone_10,34.049644,-118.228736,204.25,17.21,94.93,525,0.0838,5.07,NORMAL,0
drone_8,34.057217,-118.256833,150.3,5.46,72.6,1480,0.0361,27.4,NORMAL,0
drone_9,34.496734,-117.90771,228.53,103.18,86.47,1723,0.4495,13.53,GPS_SPOOFING,1
drone_8,34.046963,-118.244059,184.88,13.39,98.99,749,0.072,1.01,NORMAL,0
drone_1,34.054104,-118.253472,185.44,20.31,98.13,399,0.1089,1.87,NORMAL,0
drone_3,34.041794,-118.258898,94.78,19.29,86.93,306,0.2014,13.07,NORMAL,0
drone_9,34.056366,-118.239104,137.87,17.2,82.71,171,0.1239,17.29,NORMAL,0
drone_4,34.220087,-117.761057,175.99,114.91,77.89,1712,0.6492,22.11,GPS_SPOOFING,1
drone_7,34.069277,-118.23648,183.03,23.21,84.18,887,0.1261,15.82,NORMAL,0
drone_2,34.070524,-118.237367,176.95,6.85,74.94,1280,0.0385,25.06,NORMAL,0
drone_10,34.394269,-117.821987,287.06,93.89,67.85,1534,0.3259,32.15,GPS_SPOOFING,1
drone_2,34.054369,-118.252726,3.92,0.42,7.68,1947,0.0854,92.32,JAMMING,1
drone_3,34.057444,-118.227058,106.13,53.67,59.27,67216,0.501,40.73,DOS,1
drone_4,34.055905,-118.237477,237.11,19.04,94.41,681,0.08,5.59,NORMAL,0
drone_3,34.057596,-118.249317,129.37,20.47,68.53,388,0.157,31.47,NORMAL,0
drone_7,34.045977,-118.246417,79.82,32.7,24.98,69515,0.4046,75.02,DOS,1
drone_3,34.050992,-118.26131,99.97,15.26,91.95,746,0.1511,8.05,NORMAL,0
drone_1,34.043343,-118.25265,11.69,1.71,8.39,1758,0.1348,91.61,JAMMING,1
drone_1,34.047525,-118.253311,234.53,23.35,66.91,899,0.0991,33.09,NORMAL,0
drone_6,34.066392,-118.223766,278.07,24.48,76.59,824,0.0877,23.41,NORMAL,0
drone_4,34.046254,-118.249385,298.78,7.9,97.32,374,0.0264,2.68,NORMAL,0
drone_6,34.05469,-118.237362,254.81,8.29,70.84,1057,0.0324,29.16,NORMAL,0
drone_5,34.034542,-118.257111,144.99,5.78,64.95,367,0.0396,35.05,NORMAL,0
drone_1,34.035951,-118.238133,50.59,8.02,82.4,97,0.1555,17.6,NORMAL,0
drone_8,34.039443,-118.238627,188.1,9.73,94.63,46,0.0515,5.37,NORMAL,0
drone_1,34.0572,-118.2387,100.0,10.0,75.0,500,0.099,25.0,REPLAY_ATTACK,1
drone_5,34.277322,-117.7507,272.51,158.67,58.78,1616,0.5801,41.22,GPS_SPOOFING,1
drone_2,34.045465,-118.229866,299.42,21.26,68.34,1311,0.0708,31.66,NORMAL,0
drone_8,34.435413,-117.897286,361.23,94.78,47.79,1737,0.2617,52.21,GPS_SPOOFING,1
drone_2,34.067037,-118.2516,70.54,23.29,82.93,1168,0.3256,17.07,NORMAL,0
drone_1,34.0572,-118.2387,100.0,10.0,75.0,500,0.099,25.0,REPLAY_ATTACK,1
drone_5,34.065281,-118.234772,50.46,13.83,76.17,402,0.2688,23.83,NORMAL,0
drone_2,34.046501,-118.232111,127.48,24.96,61.43,139,0.1943,38.57,NORMAL,0
drone_8,34.049506,-118.225154,117.96,13.77,95.72,788,0.1158,4.28,NORMAL,0
drone_1,34.0572,-118.2387,100.0,10.0,75.0,500,0.099,25.0,REPLAY_ATTACK,1
drone_7,34.057126,-118.261276,91.33,17.81,75.63,953,0.1929,24.37,NORMAL,0
drone_4,34.035183,-118.250305,183.87,7.47,78.22,795,0.0404,21.78,NORMAL,0
drone_4,34.06868,-118.224361,126.96,13.99,89.0,11,0.1093,11.0,NORMAL,0
drone_2,34.038765,-118.229188,167.86,13.81,66.83,1240,0.0818,33.17,NORMAL,0
drone_1,34.0572,-118.2387,100.0,10.0,75.0,500,0.099,25.0,REPLAY_ATTACK,1
drone_9,34.032447,-118.22967,120.2,5.76,78.01,622,0.0475,21.99,NORMAL,0
drone_5,34.033108,-118.258053,258.63,6.56,82.33,39,0.0253,17.67,NORMAL,0
drone_2,34.043554,-118.243694,11.65,1.32,8.97,1814,0.1043,91.03,JAMMING,1
drone_7,34.048029,-118.239179,63.75,22.03,63.76,481,0.3402,36.24,NORMAL,0
drone_7,34.050608,-118.233912,13.46,0.23,5.55,1841,0.0159,94.45,JAMMING,1
drone_6,34.033347,-118.237231,103.31,8.51,66.9,1429,0.0816,33.1,NORMAL,0
drone_4,34.063947,-118.252696,167.44,18.36,80.39,391,0.109,19.61,NORMAL,0
drone_10,34.0572,-118.2387,100.0,10.0,75.0,500,0.099,25.0,REPLAY_ATTACK,1
drone_7,34.069035,-118.246896,156.42,39.37,37.27,30871,0.2501,62.73,DOS,1
drone_3,34.058736,-118.24481,5.6,0.47,12.99,1894,0.0712,87.01,JAMMING,1
drone_8,34.0572,-118.2387,100.0,10.0,75.0,500,0.099,25.0,REPLAY_ATTACK,1
drone_2,34.053634,-118.234696,172.34,9.98,66.25,1370,0.0576,33.75,NORMAL,0
drone_4,34.048708,-118.248826,2.64,1.48,8.04,1797,0.4066,91.96,JAMMING,1
drone_2,34.061684,-118.237386,66.48,16.77,82.91,1144,0.2485,17.09,NORMAL,0
drone_6,34.062354,-118.240185,58.0,38.33,24.73,83850,0.6497,75.27,DOS,1
drone_1,34.068495,-118.251598,277.93,9.66,76.72,1421,0.0346,23.28,NORMAL,0
drone_1,34.497331,-118.013559,182.93,157.58,89.31,1690,0.8567,10.69,GPS_SPOOFING,1
drone_4,34.057544,-118.246066,88.83,6.17,89.61,1249,0.0687,10.39,NORMAL,0
drone_10,34.06702,-118.249545,176.03,16.16,72.74,24,0.0913,27.26,NORMAL,0
drone_6,34.059744,-118.232529,89.78,16.78,66.14,465,0.1848,33.86,NORMAL,0
drone_6,34.053423,-118.237581,222.4,12.41,85.31,1054,0.0556,14.69,NORMAL,0
drone_9,34.043585,-118.240987,229.79,9.42,90.42,3,0.0408,9.58,NORMAL,0
drone_6,34.048211,-118.234564,12.5,0.01,2.04,1933,0.0007,97.96,JAMMING,1
drone_1,34.068039,-118.260353,279.52,10.62,92.18,1206,0.0379,7.82,NORMAL,0
drone_7,34.044594,-118.223725,246.56,17.31,84.95,1393,0.0699,15.05,NORMAL,0
drone_7,34.337125,-117.907978,133.5,131.19,84.64,1615,0.9754,15.36,GPS_SPOOFING,1
drone_2,34.070022,-118.250944,218.89,23.17,91.87,1125,0.1054,8.13,NORMAL,0
drone_10,34.337535,-117.914752,191.74,136.52,60.57,1563,0.7083,39.43,GPS_SPOOFING,1
drone_3,34.045675,-118.243666,10.85,1.87,2.93,1909,0.1578,97.07,JAMMING,1
drone_8,34.065177,-118.231899,246.07,19.22,84.03,296,0.0778,15.97,NORMAL,0
drone_8,34.061568,-118.247932,170.26,19.6,93.52,343,0.1144,6.48,NORMAL,0
drone_6,34.05709,-118.24308,153.42,11.58,61.22,610,0.075,38.78,NORMAL,0
drone_5,34.058325,-118.240785,2.88,1.52,3.05,1877,0.3918,96.95,JAMMING,1
drone_5,34.050327,-118.232546,277.53,10.8,80.9,875,0.0388,19.1,NORMAL,0
drone_4,34.044994,-118.229894,59.24,21.67,96.78,1303,0.3597,3.22,NORMAL,0
drone_4,34.054563,-118.256317,235.44,16.76,64.99,1052,0.0709,35.01,NORMAL,0
drone_9,34.0572,-118.2387,100.0,10.0,75.0,500,0.099,25.0,REPLAY_ATTACK,1
drone_7,34.055814,-118.244622,220.37,10.75,88.45,126,0.0486,11.55,NORMAL,0
drone_4,34.041173,-118.248963,74.28,23.57,75.41,423,0.3131,24.59,NORMAL,0
drone_8,34.068529,-118.249457,221.58,7.39,79.89,1001,0.0332,20.11,NORMAL,0
drone_7,34.0572,-118.2387,100.0,10.0,75.0,500,0.099,25.0,REPLAY_ATTACK,1
drone_3,34.053704,-118.225556,238.29,18.24,96.51,684,0.0762,3.49,NORMAL,0
drone_7,34.062116,-118.234557,124.09,12.58,80.26,762,0.1006,19.74,NORMAL,0
drone_6,34.042466,-118.253011,0.64,0.39,3.82,1980,0.2378,96.18,JAMMING,1
drone_10,34.0572,-118.2387,100.0,10.0,75.0,500,0.099,25.0,REPLAY_ATTACK,1
drone_9,34.035516,-118.23703,186.8,16.22,85.63,1414,0.0864,14.37,NORMAL,0
drone_10,34.043693,-118.243507,4.17,1.2,3.69,1828,0.2321,96.31,JAMMING,1
drone_2,34.064206,-118.259008,256.2,7.04,64.81,1492,0.0274,35.19,NORMAL,0
drone_6,34.062133,-118.255191,149.99,50.76,20.48,11973,0.3362,79.52,DOS,1
drone_6,34.384275,-117.967902,228.26,141.62,72.81,1540,0.6177,27.19,GPS_SPOOFING,1
drone_7,34.052191,-118.231447,157.88,17.48,76.7,329,0.11,23.3,NORMAL,0
drone_8,34.038396,-118.256781,77.14,35.6,66.57,39807,0.4556,33.43,DOS,1
drone_10,34.055947,-118.250201,219.09,15.5,71.25,1108,0.0704,28.75,NORMAL,0
drone_7,34.446128,-117.890283,394.82,135.64,70.5,1552,0.3427,29.5,GPS_SPOOFING,1
drone_6,34.049551,-118.261956,296.3,12.56,92.55,14,0.0422,7.45,NORMAL,0
drone_7,34.0572,-118.2387,100.0,10.0,75.0,500,0.099,25.0,REPLAY_ATTACK,1
drone_1,34.0572,-118.2387,100.0,10.0,75.0,500,0.099,25.0,REPLAY_ATTACK,1
drone_9,34.036812,-118.23931,99.97,45.23,55.32,21677,0.448,44.68,DOS,1
drone_5,34.040324,-118.229209,50.3,10.57,76.95,504,0.206,23.05,NORMAL,0
drone_4,34.05622,-118.263208,227.48,10.45,60.27,937,0.0457,39.73,NORMAL,0
drone_10,34.032985,-118.239982,224.47,21.43,65.85,701,0.095,34.15,NORMAL,0
drone_4,34.071951,-118.231519,106.12,17.98,88.02,436,0.1678,11.98,NORMAL,0
drone_8,34.036827,-118.257364,167.94,59.12,63.54,81873,0.3499,36.46,DOS,1
drone_10,34.040765,-118.234584,239.11,8.85,74.07,735,0.0369,25.93,NORMAL,0
drone_9,34.548885,-117.840819,387.68,134.61,68.37,1682,0.3463,31.63,GPS_SPOOFING,1
drone_7,34.050741,-118.24619,224.12,24.89,96.72,209,0.1106,3.28,NORMAL,0
drone_4,34.04536,-118.25105,179.76,14.94,88.01,363,0.0827,11.99,NORMAL,0
drone_10,34.507398,-118.083045,386.5,110.58,45.36,1745,0.2854,54.64,GPS_SPOOFING,1
drone_9,34.054033,-118.246983,62.16,5.67,65.72,519,0.0898,34.28,NORMAL,0
drone_5,34.0572,-118.2387,100.0,10.0,75.0,500,0.099,25.0,REPLAY_ATTACK,1
drone_3,34.066176,-118.22784,195.58,8.93,82.62,193,0.0454,17.38,NORMAL,0
drone_9,34.487217,-117.868774,214.08,120.57,77.49,1731,0.5606,22.51,GPS_SPOOFING,1
drone_10,34.050303,-118.250598,8.67,1.37,3.75,1844,0.1417,96.25,JAMMING,1
drone_10,34.049746,-118.244204,280.12,18.58,98.54,145,0.0661,1.46,NORMAL,0
drone_2,34.0572,-118.2387,100.0,10.0,75.0,500,0.099,25.0,REPLAY_ATTACK,1
drone_5,34.057973,-118.262266,220.74,16.47,92.68,273,0.0743,7.32,NORMAL,0
drone_7,34.382497,-118.031209,198.24,143.1,49.05,1561,0.7182,50.95,GPS_SPOOFING,1
drone_6,34.067725,-118.237846,89.93,13.7,63.81,7,0.1507,36.19,NORMAL,0
drone_8,34.049705,-118.244109,4.63,1.71,3.97,1988,0.3037,96.03,JAMMING,1
drone_5,34.059194,-118.243475,0.18,0.44,1.11,1906,0.3729,98.89,JAMMING,1
drone_6,34.0572,-118.2387,100.0,10.0,75.0,500,0.099,25.0,REPLAY_ATTACK,1
drone_10,34.061561,-118.233767,206.57,6.99,75.12,1382,0.0337,24.88,NORMAL,0
drone_5,34.04423,-118.225873,155.22,36.53,41.22,40543,0.2338,58.78,DOS,1
drone_7,34.0572,-118.2387,100.0,10.0,75.0,500,0.099,25.0,REPLAY_ATTACK,1
drone_4,34.072016,-118.231019,84.94,23.11,95.98,1002,0.2689,4.02,NORMAL,0
drone_10,34.039967,-118.237606,239.92,9.27,87.38,1174,0.0385,12.62,NORMAL,0
drone_8,34.045865,-118.252735,200.22,21.33,64.41,439,0.106,35.59,NORMAL,0
drone_3,34.059904,-118.259839,163.74,41.09,36.51,43458,0.2494,63.49,DOS,1
drone_8,34.04235,-118.246035,56.91,9.64,95.37,506,0.1665,4.63,NORMAL,0
drone_7,34.051567,-118.237392,96.41,18.96,71.68,916,0.1946,28.32,NORMAL,0
drone_5,34.049498,-118.232639,243.19,13.09,63.87,918,0.0536,36.13,NORMAL,0
drone_4,34.060726,-118.239862,124.72,16.92,76.66,421,0.1346,23.34,NORMAL,0
drone_8,34.049378,-118.243771,10.83,1.03,14.56,1954,0.0871,85.44,JAMMING,1
drone_8,34.0572,-118.2387,100.0,10.0,75.0,500,0.099,25.0,REPLAY_ATTACK,1
drone_8,34.0572,-118.2387,100.0,10.0,75.0,500,0.099,25.0,REPLAY_ATTACK,1
drone_7,34.061846,-118.257232,143.63,11.46,65.15,706,0.0792,34.85,NORMAL,0
drone_9,34.0572,-118.2387,100.0,10.0,75.0,500,0.099,25.0,REPLAY_ATTACK,1
drone_7,34.041954,-118.228695,211.39,12.61,85.67,760,0.0594,14.33,NORMAL,0
drone_7,34.233413,-117.999121,215.06,155.39,41.4,1671,0.7192,58.6,GPS_SPOOFING,1
drone_4,34.033536,-118.235405,69.78,19.4,67.1,491,0.2741,32.9,NORMAL,0
drone_6,34.050514,-118.242547,67.0,14.41,90.7,1286,0.2119,9.3,NORMAL,0
drone_9,34.054425,-118.240048,50.01,7.45,94.45,1068,0.146,5.55,NORMAL,0
drone_1,34.0572,-118.2387,100.0,10.0,75.0,500,0.099,25.0,REPLAY_ATTACK,1
drone_6,34.04065,-118.261823,124.02,11.56,79.13,1073,0.0925,20.87,NORMAL,0
drone_4,34.0572,-118.2387,100.0,10.0,75.0,500,0.099,25.0,REPLAY_ATTACK,1
drone_7,34.323255,-117.98163,168.86,99.41,68.05,1750,0.5852,31.95,GPS_SPOOFING,1
drone_1,34.054907,-118.228798,51.69,52.32,65.02,23970,0.993,34.98,DOS,1
drone_9,34.052357,-118.24462,125.78,7.95,64.98,1182,0.0627,35.02,NORMAL,0
drone_9,34.035514,-118.233774,220.78,23.97,74.84,510,0.1081,25.16,NORMAL,0
drone_7,34.0572,-118.2387,100.0,10.0,75.0,500,0.099,25.0,REPLAY_ATTACK,1
drone_9,34.048093,-118.249806,8.54,1.54,14.58,1862,0.1614,85.42,JAMMING,1
drone_9,34.052333,-118.239958,4.07,1.24,9.24,1904,0.2446,90.76,JAMMING,1
drone_5,34.058997,-118.234408,110.62,16.09,61.32,444,0.1441,38.68,NORMAL,0
drone_2,34.048671,-118.256534,287.98,20.63,65.35,472,0.0714,34.65,NORMAL,0
drone_2,34.035522,-118.241632,183.6,24.43,64.91,799,0.1323,35.09,NORMAL,0
drone_7,34.05823,-118.240023,263.22,9.3,69.35,206,0.0352,30.65,NORMAL,0
drone_7,34.056087,-118.231469,171.44,21.35,62.56,183,0.1238,37.44,NORMAL,0
drone_2,34.036017,-118.257443,260.1,24.68,82.01,1368,0.0945,17.99,NORMAL,0
drone_7,34.066832,-118.227361,155.91,44.61,26.12,68083,0.2843,73.88,DOS,1
drone_10,34.042234,-118.232877,51.69,19.39,90.44,1401,0.368,9.56,NORMAL,0
drone_6,34.0572,-118.2387,100.0,10.0,75.0,500,0.099,25.0,REPLAY_ATTACK,1
drone_5,34.053823,-118.248229,92.67,8.45,76.58,1329,0.0902,23.42,NORMAL,0
drone_3,34.312495,-117.873899,130.33,115.45,80.61,1714,0.8791,19.39,GPS_SPOOFING,1
drone_10,34.048055,-118.248242,94.66,34.22,24.9,40249,0.3577,75.1,DOS,1
drone_5,34.067115,-118.239017,51.43,8.69,74.91,342,0.1657,25.09,NORMAL,0
drone_2,34.064681,-118.255441,181.29,21.19,81.45,1493,0.1162,18.55,NORMAL,0
drone_4,34.058773,-118.245831,122.63,5.92,69.45,1109,0.0479,30.55,NORMAL,0
drone_2,34.041987,-118.257087,112.09,57.26,42.4,87404,0.5063,57.6,DOS,1
drone_6,34.070092,-118.224546,50.45,32.08,25.05,78862,0.6235,74.95,DOS,1
drone_8,34.045083,-118.26307,273.34,8.41,94.34,741,0.0307,5.66,NORMAL,0
drone_1,34.068038,-118.261517,149.31,8.75,95.15,383,0.0582,4.85,NORMAL,0
drone_1,34.045747,-118.224856,99.91,7.36,73.48,13,0.0729,26.52,NORMAL,0
drone_3,34.173418,-118.087639,398.33,154.41,89.54,1554,0.3867,10.46,GPS_SPOOFING,1
drone_10,34.049469,-118.247944,79.93,12.72,83.82,793,0.1572,16.18,NORMAL,0
drone_8,34.0572,-118.2387,100.0,10.0,75.0,500,0.099,25.0,REPLAY_ATTACK,1
drone_8,34.053541,-118.241312,2.61,1.61,1.9,1960,0.446,98.1,JAMMING,1
drone_2,34.059042,-118.240381,5.75,0.58,4.94,1927,0.0859,95.06,JAMMING,1
drone_6,34.067842,-118.251441,255.62,12.79,91.65,564,0.0498,8.35,NORMAL,0
drone_8,34.033702,-118.25682,176.51,11.29,93.27,776,0.0636,6.73,NORMAL,0
drone_1,34.062317,-118.239945,270.7,19.3,90.37,486,0.071,9.63,NORMAL,0
drone_10,34.06457,-118.260093,250.14,23.19,81.08,852,0.0923,18.92,NORMAL,0
drone_3,34.041648,-118.229848,50.23,15.3,89.79,1454,0.2987,10.21,NORMAL,0
drone_8,34.0572,-118.2387,100.0,10.0,75.0,500,0.099,25.0,REPLAY_ATTACK,1
drone_6,34.048005,-118.226088,205.59,6.45,78.07,202,0.0312,21.93,NORMAL,0
drone_2,34.539295,-118.112838,312.19,87.06,58.14,1529,0.278,41.86,GPS_SPOOFING,1
drone_4,34.067534,-118.250559,96.61,8.38,98.96,693,0.0859,1.04,NORMAL,0
drone_5,34.059955,-118.246975,274.24,17.21,97.75,1049,0.0625,2.25,NORMAL,0
drone_4,34.067227,-118.248563,110.13,20.08,87.75,1230,0.1807,12.25,NORMAL,0
drone_4,34.055596,-118.243074,201.98,13.18,64.08,904,0.0649,35.92,NORMAL,0
drone_8,34.043054,-118.233973,210.93,13.48,88.89,265,0.0636,11.11,NORMAL,0
drone_9,34.057179,-118.245466,2.32,0.13,7.08,1951,0.0392,92.92,JAMMING,1
drone_10,34.412007,-117.970293,232.4,101.04,63.58,1588,0.4329,36.42,GPS_SPOOFING,1
drone_2,34.064297,-118.251442,285.85,10.08,93.5,837,0.0351,6.5,NORMAL,0
drone_4,34.0572,-118.2387,100.0,10.0,75.0,500,0.099,25.0,REPLAY_ATTACK,1
drone_2,34.058199,-118.241576,142.35,21.2,66.35,1364,0.1479,33.65,NORMAL,0
drone_2,34.0572,-118.2387,100.0,10.0,75.0,500,0.099,25.0,REPLAY_ATTACK,1
drone_7,34.033195,-118.263556,236.97,16.01,90.61,1050,0.0673,9.39,NORMAL,0
drone_3,34.037142,-118.245749,147.35,44.63,49.78,78033,0.3008,50.22,DOS,1
drone_1,34.050101,-118.235676,145.21,9.84,98.85,1296,0.0673,1.15,NORMAL,0
drone_10,34.0572,-118.2387,100.0,10.0,75.0,500,0.099,25.0,REPLAY_ATTACK,1
drone_10,34.050831,-118.249493,263.48,24.22,61.65,1,0.0916,38.35,NORMAL,0
drone_5,34.049862,-118.249944,128.36,17.29,77.55,1127,0.1337,22.45,NORMAL,0
drone_7,34.0431,-118.232689,220.07,7.01,95.36,1232,0.0317,4.64,NORMAL,0
drone_2,34.04209,-118.231387,109.31,7.92,69.45,1448,0.0718,30.55,NORMAL,0
drone_1,34.068377,-118.23558,226.95,16.17,95.85,441,0.0709,4.15,NORMAL,0
drone_8,34.200269,-117.988273,117.83,152.28,42.65,1573,1.2815,57.35,GPS_SPOOFING,1
drone_10,34.047711,-118.22554,129.18,14.7,68.77,784,0.1129,31.23,NORMAL,0
drone_10,34.0572,-118.2387,100.0,10.0,75.0,500,0.099,25.0,REPLAY_ATTACK,1
drone_8,34.034831,-118.223881,288.47,5.24,60.18,1210,0.0181,39.82,NORMAL,0
drone_7,34.05544,-118.243692,1.54,1.62,9.37,1817,0.6378,90.63,JAMMING,1
drone_9,34.064964,-118.239216,82.31,12.11,83.0,1362,0.1454,17.0,NORMAL,0
drone_7,34.054312,-118.238088,13.79,1.05,7.65,1791,0.071,92.35,JAMMING,1
drone_6,34.042136,-118.231509,171.12,56.79,65.29,62805,0.3299,34.71,DOS,1
drone_8,34.058606,-118.258066,172.86,22.62,74.8,1294,0.1301,25.2,NORMAL,0
drone_8,34.054548,-118.237872,7.94,1.04,1.76,1886,0.1163,98.24,JAMMING,1
drone_3,34.053356,-118.251766,2.42,1.88,1.65,1950,0.5497,98.35,JAMMING,1
drone_2,34.033716,-118.252896,161.2,6.33,76.91,1214,0.039,23.09,NORMAL,0
drone_3,34.071722,-118.250509,223.58,6.87,71.01,1188,0.0306,28.99,NORMAL,0
drone_10,34.035664,-118.249287,165.63,47.77,32.08,67273,0.2867,67.92,DOS,1
drone_10,34.276559,-117.749838,106.52,136.47,66.49,1604,1.2693,33.51,GPS_SPOOFING,1
drone_1,34.046207,-118.258882,295.06,13.76,61.59,668,0.0465,38.41,NORMAL,0
drone_2,34.411869,-117.931701,227.27,98.3,46.09,1666,0.4306,53.91,GPS_SPOOFING,1
drone_8,34.053246,-118.259589,78.66,37.47,66.41,14082,0.4704,33.59,DOS,1
drone_6,34.046678,-118.252467,130.78,13.74,99.31,1459,0.1043,0.69,NORMAL,0
drone_2,34.03886,-118.235936,297.81,6.53,78.98,117,0.0219,21.02,NORMAL,0
drone_1,34.055709,-118.242376,67.47,20.21,88.7,1352,0.2952,11.3,NORMAL,0
drone_7,34.051305,-118.228465,140.34,55.47,28.77,21533,0.3925,71.23,DOS,1
drone_4,34.399409,-117.93681,173.79,134.91,71.15,1535,0.7718,28.85,GPS_SPOOFING,1
drone_8,34.055329,-118.239193,149.64,7.95,98.92,187,0.0528,1.08,NORMAL,0
drone_3,34.04222,-118.226525,154.58,14.68,74.19,82,0.0944,25.81,NORMAL,0
drone_3,34.0572,-118.2387,100.0,10.0,75.0,500,0.099,25.0,REPLAY_ATTACK,1
drone_8,34.056532,-118.244492,64.7,15.76,85.49,829,0.2399,14.51,NORMAL,0
drone_5,34.035633,-118.235911,102.46,16.04,86.67,910,0.155,13.33,NORMAL,0
drone_9,34.050866,-118.249061,4.75,0.91,9.35,1936,0.1583,90.65,JAMMING,1
drone_8,34.054725,-118.245894,76.46,23.59,62.18,57,0.3045,37.82,NORMAL,0
drone_7,34.05909,-118.226697,215.62,13.68,80.25,678,0.0632,19.75,NORMAL,0
drone_10,34.054843,-118.245384,14.42,0.15,9.84,1897,0.0097,90.16,JAMMING,1
drone_10,34.050868,-118.235092,158.82,17.75,75.96,809,0.1111,24.04,NORMAL,0
drone_2,34.033512,-118.260824,88.1,14.1,67.74,993,0.1582,32.26,NORMAL,0
drone_1,34.046677,-118.233122,210.78,9.5,61.0,707,0.0449,39.0,NORMAL,0
drone_2,34.053407,-118.26013,220.39,8.61,95.52,1320,0.0389,4.48,NORMAL,0
drone_4,34.043939,-118.262159,82.59,14.02,81.54,700,0.1677,18.46,NORMAL,0
drone_5,34.350286,-117.758196,365.08,88.36,61.96,1694,0.2414,38.04,GPS_SPOOFING,1
drone_10,34.071154,-118.246598,262.35,20.57,81.3,540,0.0781,18.7,NORMAL,0
drone_4,34.037973,-118.25035,184.62,15.42,76.9,116,0.0831,23.1,NORMAL,0
drone_9,34.053601,-118.243596,144.73,24.31,84.89,789,0.1668,15.11,NORMAL,0
drone_9,34.056066,-118.238256,10.09,0.01,8.36,1888,0.0009,91.64,JAMMING,1
drone_5,34.188628,-117.996201,202.85,137.99,52.79,1613,0.6769,47.21,GPS_SPOOFING,1
drone_5,34.032221,-118.252271,159.61,39.27,53.69,58940,0.2445,46.31,DOS,1
drone_1,34.049581,-118.263029,199.02,11.25,86.52,1159,0.0562,13.48,NORMAL,0
drone_2,34.0572,-118.2387,100.0,10.0,75.0,500,0.099,25.0,REPLAY_ATTACK,1
drone_6,34.042591,-118.235135,189.57,14.99,73.17,1098,0.0787,26.83,NORMAL,0
drone_6,34.070833,-118.262231,262.42,6.32,98.88,15,0.024,1.12,NORMAL,0
drone_6,34.192768,-117.786134,332.08,117.04,85.04,1514,0.3514,14.96,GPS_SPOOFING,1
drone_8,34.070437,-118.234948,123.49,58.81,27.06,11740,0.4724,72.94,DOS,1
drone_3,34.066316,-118.247837,186.21,13.94,77.88,677,0.0745,22.12,NORMAL,0
drone_4,34.04904,-118.226701,113.84,9.15,62.88,382,0.0797,37.12,NORMAL,0
drone_8,34.036896,-118.228356,64.63,14.13,71.0,949,0.2153,29.0,NORMAL,0
drone_10,34.068432,-118.224963,97.92,13.87,90.07,197,0.1402,9.93,NORMAL,0
drone_10,34.051297,-118.233317,240.54,22.89,88.71,888,0.0948,11.29,NORMAL,0
drone_6,34.045291,-118.253851,294.84,23.99,82.99,1091,0.0811,17.01,NORMAL,0
drone_5,34.069588,-118.224455,166.68,44.16,32.53,79668,0.2634,67.47,DOS,1
drone_1,34.393152,-117.760586,303.09,124.08,57.61,1649,0.408,42.39,GPS_SPOOFING,1
drone_9,34.038606,-118.245477,219.54,11.04,80.58,36,0.0501,19.42,NORMAL,0
drone_1,34.27515,-117.881748,299.56,105.53,49.08,1748,0.3511,50.92,GPS_SPOOFING,1
drone_4,34.050193,-118.229143,77.42,32.88,46.3,34869,0.4193,53.7,DOS,1
drone_9,34.047424,-118.263644,79.29,18.54,83.73,1318,0.2309,16.27,NORMAL,0
drone_10,34.056556,-118.24824,7.33,0.86,2.04,1934,0.1032,97.96,JAMMING,1
drone_10,34.050049,-118.260156,136.53,16.06,95.03,286,0.1168,4.97,NORMAL,0
drone_6,34.049342,-118.236647,108.65,18.0,71.15,1185,0.1642,28.85,NORMAL,0
drone_6,34.052228,-118.234148,7.55,1.29,2.68,1876,0.1509,97.32,JAMMING,1
drone_6,34.068216,-118.231101,157.04,32.18,46.2,69087,0.2036,53.8,DOS,1
drone_3,34.066234,-118.241667,295.3,23.17,75.1,602,0.0782,24.9,NORMAL,0
drone_5,34.065112,-118.245294,207.2,14.0,87.14,611,0.0672,12.86,NORMAL,0
drone_1,34.04667,-118.252474,165.33,21.57,89.8,469,0.1297,10.2,NORMAL,0
drone_9,34.058783,-118.257919,74.65,21.34,87.21,251,0.2821,12.79,NORMAL,0
drone_2,34.07068,-118.226777,168.61,13.17,79.61,850,0.0776,20.39,NORMAL,0
drone_1,34.064814,-118.227301,211.46,7.0,81.19,778,0.0329,18.81,NORMAL,0
drone_4,34.047545,-118.263163,117.32,8.04,80.23,665,0.068,19.77,NORMAL,0
drone_8,34.226504,-117.934983,258.92,91.66,63.22,1678,0.3526,36.78,GPS_SPOOFING,1
drone_1,34.260966,-117.854683,153.78,98.66,76.68,1568,0.6374,23.32,GPS_SPOOFING,1
drone_10,34.054897,-118.256233,191.5,45.63,21.97,72548,0.237,78.03,DOS,1
drone_3,34.044075,-118.253164,5.77,1.54,14.32,1798,0.2275,85.68,JAMMING,1
drone_2,34.049857,-118.263244,286.94,22.47,76.52,928,0.078,23.48,NORMAL,0
drone_4,34.0572,-118.2387,100.0,10.0,75.0,500,0.099,25.0,REPLAY_ATTACK,1
drone_2,34.04328,-118.249888,2.39,1.17,9.34,1786,0.3451,90.66,JAMMING,1
drone_5,34.0572,-118.2387,100.0,10.0,75.0,500,0.099,25.0,REPLAY_ATTACK,1
drone_10,34.04339,-118.260767,128.89,35.31,52.02,38785,0.2718,47.98,DOS,1
drone_6,34.033329,-118.23818,203.57,7.22,89.48,389,0.0353,10.52,NORMAL,0
drone_8,34.04972,-118.226638,85.11,5.7,85.89,264,0.0662,14.11,NORMAL,0
drone_8,34.040082,-118.231645,210.24,17.54,80.14,27,0.083,19.86,NORMAL,0
drone_8,34.464505,-117.898514,264.16,96.52,56.65,1708,0.364,43.35,GPS_SPOOFING,1
drone_4,34.069001,-118.245426,105.39,13.79,61.44,1139,0.1296,38.56,NORMAL,0
drone_6,34.033253,-118.254683,288.2,5.11,94.3,1361,0.0177,5.7,NORMAL,0
drone_1,34.468556,-118.073323,110.58,89.6,43.19,1583,0.803,56.81,GPS_SPOOFING,1
drone_10,34.068874,-118.242139,232.34,18.55,66.24,930,0.0795,33.76,NORMAL,0
drone_3,34.034045,-118.243973,243.47,5.63,83.8,119,0.023,16.2,NORMAL,0
drone_8,34.064636,-118.228257,219.16,22.29,66.48,713,0.1012,33.52,NORMAL,0
drone_6,34.069427,-118.229625,119.74,18.5,90.49,584,0.1532,9.51,NORMAL,0
drone_1,34.046149,-118.249589,194.29,19.63,86.91,616,0.1005,13.09,NORMAL,0
drone_9,34.062303,-118.24996,64.1,17.36,60.1,1238,0.2667,39.9,NORMAL,0
drone_6,34.063247,-118.240617,198.82,9.05,95.6,1211,0.0453,4.4,NORMAL,0
drone_5,34.0572,-118.2387,100.0,10.0,75.0,500,0.099,25.0,REPLAY_ATTACK,1
drone_6,34.401133,-117.84344,123.36,105.69,55.95,1545,0.8499,44.05,GPS_SPOOFING,1
drone_5,34.042013,-118.234946,101.93,9.23,69.78,334,0.0897,30.22,NORMAL,0
drone_1,34.053466,-118.248484,0.98,1.69,12.36,1914,0.8535,87.64,JAMMING,1
drone_7,34.056441,-118.230683,206.14,5.06,68.83,1390,0.0244,31.17,NORMAL,0
drone_3,34.071801,-118.246561,223.06,22.44,79.9,966,0.1002,20.1,NORMAL,0
drone_4,34.047659,-118.224923,257.72,24.05,81.07,1452,0.093,18.93,NORMAL,0
drone_8,34.046258,-118.224024,79.76,6.05,84.85,581,0.0749,15.15,NORMAL,0
drone_3,34.045563,-118.249537,91.41,8.68,95.25,362,0.0939,4.75,NORMAL,0
drone_2,34.034885,-118.252539,285.68,15.08,60.72,791,0.0526,39.28,NORMAL,0
drone_8,34.484532,-118.080862,293.77,139.31,85.48,1636,0.4726,14.52,GPS_SPOOFING,1
drone_8,34.057287,-118.243239,163.37,40.48,54.37,86937,0.2463,45.63,DOS,1
drone_5,34.044626,-118.262413,111.71,18.57,64.04,165,0.1648,35.96,NORMAL,0
drone_6,34.04412,-118.250989,291.25,17.96,71.32,590,0.0615,28.68,NORMAL,0
drone_1,34.0572,-118.2387,100.0,10.0,75.0,500,0.099,25.0,REPLAY_ATTACK,1
drone_6,34.041082,-118.229031,191.19,9.35,92.9,69,0.0486,7.1,NORMAL,0
drone_2,34.185712,-117.882945,301.99,106.48,57.87,1528,0.3514,42.13,GPS_SPOOFING,1
drone_6,34.071903,-118.259601,224.08,16.52,69.6,1432,0.0734,30.4,NORMAL,0
drone_7,34.062485,-118.238602,119.26,22.31,88.95,1130,0.1855,11.05,NORMAL,0
drone_8,34.03333,-118.240659,210.0,19.44,60.4,1166,0.0921,39.6,NORMAL,0
drone_4,34.384575,-117.808801,164.2,147.31,58.86,1595,0.8917,41.14,GPS_SPOOFING,1
drone_6,34.040634,-118.250373,173.87,22.46,77.01,1083,0.1284,22.99,NORMAL,0
drone_9,34.068184,-118.263284,79.11,9.5,63.04,644,0.1186,36.96,NORMAL,0
drone_2,34.059295,-118.257567,148.68,36.23,37.02,67352,0.242,62.98,DOS,1
drone_8,34.049575,-118.257889,280.66,24.71,79.88,310,0.0877,20.12,NORMAL,0
drone_5,34.04447,-118.249233,179.53,58.79,50.61,66020,0.3257,49.39,DOS,1
drone_10,34.042391,-118.244401,266.15,16.08,85.93,492,0.0602,14.07,NORMAL,0
drone_2,34.0572,-118.2387,100.0,10.0,75.0,500,0.099,25.0,REPLAY_ATTACK,1
drone_5,34.042031,-118.261795,281.42,9.19,79.75,1131,0.0325,20.25,NORMAL,0
drone_5,34.068015,-118.25075,81.98,9.63,80.12,613,0.1161,19.88,NORMAL,0
drone_10,34.034172,-118.245311,101.14,15.61,98.33,869,0.1528,1.67,NORMAL,0
drone_10,34.0572,-118.2387,100.0,10.0,75.0,500,0.099,25.0,REPLAY_ATTACK,1
drone_9,34.057164,-118.240268,165.97,9.65,86.88,1154,0.0578,13.12,NORMAL,0
drone_4,34.063525,-118.240975,149.84,30.94,40.71,81839,0.2051,59.29,DOS,1
drone_6,34.042986,-118.257864,125.88,17.53,93.19,1246,0.1382,6.81,NORMAL,0
drone_8,34.038504,-118.250035,140.18,8.13,72.03,299,0.0576,27.97,NORMAL,0
drone_10,34.052875,-118.243512,2.24,1.96,14.4,1765,0.6049,85.6,JAMMING,1
drone_10,34.054205,-118.241053,14.82,0.69,12.28,1883,0.0436,87.72,JAMMING,1
drone_4,34.052759,-118.246482,282.8,14.17,96.92,1233,0.0499,3.08,NORMAL,0
drone_3,34.058139,-118.259131,236.61,24.06,77.85,1244,0.1013,22.15,NORMAL,0
drone_6,34.065103,-118.23691,146.11,19.78,87.29,1337,0.1345,12.71,NORMAL,0
drone_3,34.038719,-118.253658,74.11,46.63,39.83,64777,0.6208,60.17,DOS,1
drone_4,34.0608,-118.229715,82.0,21.03,61.5,1482,0.2534,38.5,NORMAL,0
drone_4,34.055204,-118.240056,186.61,20.94,98.41,1019,0.1116,1.59,NORMAL,0
drone_7,34.055901,-118.262299,170.68,15.61,98.08,1449,0.0909,1.92,NORMAL,0
drone_2,34.066909,-118.230853,99.71,11.22,71.93,1149,0.1114,28.07,NORMAL,0
drone_4,34.063436,-118.257531,74.47,24.79,92.38,886,0.3285,7.62,NORMAL,0
drone_6,34.044096,-118.23205,55.76,12.63,72.62,64,0.2225,27.38,NORMAL,0
drone_6,34.070565,-118.258272,70.98,16.4,69.6,672,0.2278,30.4,NORMAL,0
drone_8,34.062463,-118.237175,163.7,8.04,61.92,222,0.0488,38.08,NORMAL,0
drone_7,34.0572,-118.2387,100.0,10.0,75.0,500,0.099,25.0,REPLAY_ATTACK,1
drone_10,34.047662,-118.230878,206.08,20.06,92.91,146,0.0969,7.09,NORMAL,0
drone_4,34.034541,-118.246021,101.74,7.8,60.33,653,0.0759,39.67,NORMAL,0
drone_5,34.0572,-118.2387,100.0,10.0,75.0,500,0.099,25.0,REPLAY_ATTACK,1
drone_3,34.041792,-118.257278,151.23,20.34,94.67,1324,0.1336,5.33,NORMAL,0
drone_4,34.041364,-118.24795,277.38,14.3,69.22,1145,0.0514,30.78,NORMAL,0
drone_1,34.057185,-118.231757,55.1,12.09,74.37,1472,0.2155,25.63,NORMAL,0
drone_7,34.051992,-118.229381,243.17,15.21,87.58,352,0.0623,12.42,NORMAL,0
drone_6,34.0572,-118.2387,100.0,10.0,75.0,500,0.099,25.0,REPLAY_ATTACK,1
drone_1,34.0572,-118.2387,100.0,10.0,75.0,500,0.099,25.0,REPLAY_ATTACK,1
drone_2,34.052352,-118.247221,1.59,0.43,5.09,1999,0.166,94.91,JAMMING,1
drone_9,34.066336,-118.257029,241.91,13.76,65.15,502,0.0566,34.85,NORMAL,0
drone_6,34.063237,-118.250019,131.05,19.92,81.81,565,0.1509,18.19,NORMAL,0
drone_6,34.041997,-118.253192,247.7,23.72,78.44,1199,0.0954,21.56,NORMAL,0
drone_7,34.051258,-118.239464,12.13,1.9,2.37,1981,0.1447,97.63,JAMMING,1
drone_6,34.058991,-118.238388,92.9,6.49,60.91,1289,0.0691,39.09,NORMAL,0
drone_9,34.048532,-118.240643,55.95,15.4,84.88,164,0.2704,15.12,NORMAL,0
drone_9,34.067569,-118.235135,264.32,24.92,75.2,1343,0.0939,24.8,NORMAL,0
drone_2,34.054772,-118.231982,277.84,24.84,70.12,101,0.0891,29.88,NORMAL,0
drone_3,34.038869,-118.256575,77.23,22.58,94.33,751,0.2886,5.67,NORMAL,0
drone_3,34.048342,-118.243519,87.23,46.05,31.02,87623,0.5219,68.98,DOS,1
drone_3,34.049635,-118.243711,12.75,0.9,13.62,1875,0.0655,86.38,JAMMING,1
drone_5,34.042624,-118.25558,68.99,20.72,93.53,2,0.296,6.47,NORMAL,0
drone_3,34.052216,-118.245723,109.23,32.37,36.28,12220,0.2937,63.72,DOS,1
drone_6,34.044383,-118.245594,191.05,15.67,98.78,849,0.0816,1.22,NORMAL,0
drone_1,34.067964,-118.263605,111.37,10.92,70.14,305,0.0972,29.86,NORMAL,0
drone_7,34.04716,-118.238746,274.66,22.47,72.04,733,0.0815,27.96,NORMAL,0
drone_4,34.060609,-118.223762,256.47,21.94,88.86,471,0.0852,11.14,NORMAL,0
drone_8,34.047134,-118.235868,10.9,1.49,2.18,1901,0.1252,97.82,JAMMING,1
drone_4,34.036539,-118.258968,173.54,5.29,89.5,484,0.0303,10.5,NORMAL,0
drone_9,34.066844,-118.238349,266.98,21.18,99.29,427,0.079,0.71,NORMAL,0
drone_4,34.059174,-118.243453,4.56,1.48,7.23,1978,0.2662,92.77,JAMMING,1
drone_6,34.045863,-118.247663,264.07,6.67,96.97,594,0.0252,3.03,NORMAL,0
drone_8,34.451715,-117.923625,238.93,149.89,54.36,1633,0.6247,45.64,GPS_SPOOFING,1
drone_3,34.455757,-117.893352,219.25,153.69,68.5,1577,0.6978,31.5,GPS_SPOOFING,1
drone_8,34.067612,-118.236719,125.95,54.44,27.25,62264,0.4288,72.75,DOS,1
drone_4,34.069854,-118.262924,143.16,14.24,88.24,524,0.0988,11.76,NORMAL,0
drone_6,34.034733,-118.239097,82.24,18.37,80.29,188,0.2207,19.71,NORMAL,0
drone_3,34.440392,-118.010579,312.02,134.51,85.71,1739,0.4297,14.29,GPS_SPOOFING,1
drone_8,34.0572,-118.2387,100.0,10.0,75.0,500,0.099,25.0,REPLAY_ATTACK,1
drone_4,34.041343,-118.24302,76.76,20.1,69.02,570,0.2585,30.98,NORMAL,0
drone_10,34.056967,-118.232867,184.83,10.94,76.44,1489,0.0589,23.56,NORMAL,0
drone_3,34.252755,-118.103271,219.37,137.78,84.43,1709,0.6252,15.57,GPS_SPOOFING,1
drone_5,34.047089,-118.249074,265.26,23.14,98.95,1274,0.0869,1.05,NORMAL,0
drone_1,34.036315,-118.244534,167.56,18.31,99.06,435,0.1086,0.94,NORMAL,0
drone_7,34.032437,-118.230283,79.79,10.22,94.35,1013,0.1265,5.65,NORMAL,0
drone_3,34.044258,-118.225731,186.64,5.81,80.24,538,0.031,19.76,NORMAL,0
drone_9,34.043632,-118.25386,169.61,19.33,88.14,1133,0.1133,11.86,NORMAL,0
drone_6,34.035357,-118.238081,143.34,9.75,69.93,106,0.0675,30.07,NORMAL,0
drone_4,34.0572,-118.2387,100.0,10.0,75.0,500,0.099,25.0,REPLAY_ATTACK,1
drone_8,34.16486,-117.959685,251.87,153.83,46.28,1556,0.6083,53.72,GPS_SPOOFING,1
drone_1,34.0572,-118.2387,100.0,10.0,75.0,500,0.099,25.0,REPLAY_ATTACK,1
drone_8,34.037181,-118.249768,167.87,24.75,71.12,482,0.1466,28.88,NORMAL,0
drone_10,34.037575,-118.242635,227.87,7.51,87.86,1363,0.0328,12.14,NORMAL,0
drone_8,34.044748,-118.244046,11.58,0.03,10.48,1922,0.0024,89.52,JAMMING,1
drone_3,34.038923,-118.225562,99.84,13.57,94.84,28,0.1346,5.16,NORMAL,0
drone_7,34.04633,-118.251841,7.22,1.06,13.95,1818,0.129,86.05,JAMMING,1
drone_6,34.244647,-117.882452,282.96,159.95,83.51,1689,0.5633,16.49,GPS_SPOOFING,1
drone_10,34.061941,-118.236614,262.85,12.16,98.32,1366,0.0461,1.68,NORMAL,0
drone_5,34.0572,-118.2387,100.0,10.0,75.0,500,0.099,25.0,REPLAY_ATTACK,1
drone_9,34.048229,-118.227389,120.87,15.4,78.74,773,0.1264,21.26,NORMAL,0
drone_9,34.032863,-118.226418,126.32,22.95,99.36,1106,0.1803,0.64,NORMAL,0
drone_5,34.07143,-118.246185,165.65,12.81,67.28,375,0.0769,32.72,NORMAL,0
drone_5,34.067255,-118.228866,193.9,5.21,78.31,1085,0.0267,21.69,NORMAL,0
drone_2,34.070445,-118.251996,79.78,44.25,22.46,56252,0.5478,77.54,DOS,1
drone_1,34.071715,-118.241132,117.55,6.93,87.29,283,0.0585,12.71,NORMAL,0
drone_4,34.045023,-118.244682,123.72,5.9,97.16,275,0.0473,2.84,NORMAL,0
drone_6,34.04403,-118.239608,4.04,1.8,3.32,1964,0.3571,96.68,JAMMING,1
drone_3,34.063426,-118.250813,231.32,20.67,87.13,632,0.089,12.87,NORMAL,0
drone_9,34.052699,-118.242984,111.91,18.93,69.9,914,0.1677,30.1,NORMAL,0
drone_4,34.057456,-118.226806,112.49,8.3,86.43,929,0.0731,13.57,NORMAL,0
drone_4,34.061445,-118.257907,141.05,9.33,96.54,238,0.0657,3.46,NORMAL,0
drone_9,34.05644,-118.259103,125.36,22.2,80.67,765,0.1757,19.33,NORMAL,0
drone_2,34.058155,-118.253356,144.16,22.43,80.56,1422,0.1545,19.44,NORMAL,0
drone_3,34.041534,-118.228825,236.38,23.63,88.56,1183,0.0995,11.44,NORMAL,0
drone_7,34.462865,-117.865456,315.09,103.42,66.45,1541,0.3272,33.55,GPS_SPOOFING,1
drone_1,34.049107,-118.258333,166.17,17.45,83.55,1119,0.1044,16.45,NORMAL,0
drone_5,34.040542,-118.225702,224.6,21.53,72.15,258,0.0954,27.85,NORMAL,0
drone_4,34.0572,-118.2387,100.0,10.0,75.0,500,0.099,25.0,REPLAY_ATTACK,1
drone_9,34.217709,-117.784887,398.47,122.13,76.77,1699,0.3057,23.23,GPS_SPOOFING,1
drone_8,34.470203,-118.083587,260.65,130.52,62.78,1593,0.4988,37.22,GPS_SPOOFING,1
drone_4,34.370056,-118.034866,101.81,114.21,53.0,1578,1.1109,47.0,GPS_SPOOFING,1
drone_6,34.051973,-118.227245,173.61,19.79,84.86,410,0.1133,15.14,NORMAL,0
drone_10,34.050296,-118.234014,296.34,7.42,70.04,340,0.025,29.96,NORMAL,0
drone_6,34.061742,-118.250788,218.77,17.09,62.71,23,0.0778,37.29,NORMAL,0
drone_8,34.0572,-118.2387,100.0,10.0,75.0,500,0.099,25.0,REPLAY_ATTACK,1
drone_1,34.041473,-118.242797,62.68,19.18,87.08,247,0.3012,12.92,NORMAL,0
drone_4,34.054544,-118.231765,147.44,52.01,52.69,20665,0.3504,47.31,DOS,1
drone_6,34.036939,-118.257113,241.96,18.99,87.58,1460,0.0782,12.42,NORMAL,0
drone_7,34.037347,-118.245369,79.23,19.88,87.07,268,0.2478,12.93,NORMAL,0
drone_8,34.068332,-118.229366,195.9,11.25,64.95,1181,0.0571,35.05,NORMAL,0
drone_8,34.061342,-118.257262,271.57,11.59,65.35,198,0.0425,34.65,NORMAL,0
drone_5,34.059513,-118.235296,153.65,6.93,78.17,54,0.0448,21.83,NORMAL,0
drone_9,34.033266,-118.253891,188.86,55.28,60.32,64324,0.2912,39.68,DOS,1
drone_2,34.034019,-118.234713,127.61,10.2,69.84,317,0.0793,30.16,NORMAL,0
drone_3,34.052543,-118.244243,103.17,13.69,82.48,580,0.1314,17.52,NORMAL,0
drone_2,34.0581,-118.250523,151.49,24.57,69.8,422,0.1611,30.2,NORMAL,0
drone_3,34.043745,-118.249221,159.26,52.67,68.11,80195,0.3287,31.89,DOS,1
drone_2,34.038671,-118.248313,155.39,11.98,85.56,1445,0.0766,14.44,NORMAL,0
drone_3,34.063299,-118.227703,138.24,19.77,97.4,1310,0.142,2.6,NORMAL,0
drone_3,34.061561,-118.246747,75.75,10.92,84.56,1032,0.1423,15.44,NORMAL,0
drone_4,34.04452,-118.252139,5.47,0.25,9.23,1774,0.0386,90.77,JAMMING,1
drone_5,34.040962,-118.22416,85.39,24.97,81.96,885,0.289,18.04,NORMAL,0
drone_1,34.048718,-118.224697,125.1,16.55,90.61,131,0.1312,9.39,NORMAL,0
drone_6,34.036713,-118.224715,281.34,23.52,91.88,1101,0.0833,8.12,NORMAL,0
drone_8,34.045408,-118.236932,4.93,0.15,5.1,1874,0.0253,94.9,JAMMING,1
drone_1,34.068013,-118.263682,99.28,46.13,56.54,39739,0.46,43.46,DOS,1
drone_10,34.052233,-118.23048,114.4,51.47,52.26,78055,0.446,47.74,DOS,1
drone_6,34.059633,-118.249629,12.81,0.55,2.34,1846,0.0398,97.66,JAMMING,1
drone_5,34.165191,-118.061413,332.78,129.63,57.55,1571,0.3884,42.45,GPS_SPOOFING,1
drone_5,34.053761,-118.239181,66.27,6.26,77.05,228,0.0931,22.95,NORMAL,0
drone_4,34.055919,-118.240587,101.49,52.64,21.97,78740,0.5136,78.03,DOS,1
drone_8,34.033873,-118.238669,150.65,33.33,30.28,78206,0.2198,69.72,DOS,1
drone_4,34.040335,-118.248313,93.75,21.31,94.0,1413,0.2249,6.0,NORMAL,0
drone_4,34.071553,-118.237378,266.48,13.97,69.78,568,0.0522,30.22,NORMAL,0
drone_10,34.071851,-118.232926,108.81,14.71,84.71,1059,0.134,15.29,NORMAL,0
drone_3,34.037112,-118.246392,145.38,22.04,70.1,1287,0.1506,29.9,NORMAL,0
drone_9,34.0572,-118.2387,100.0,10.0,75.0,500,0.099,25.0,REPLAY_ATTACK,1
drone_9,34.033013,-118.22785,84.45,37.92,66.41,74821,0.4438,33.59,DOS,1
drone_6,34.057479,-118.25059,183.97,8.68,80.61,676,0.0469,19.39,NORMAL,0
drone_7,34.043104,-118.258345,150.9,7.23,72.15,84,0.0476,27.85,NORMAL,0
drone_6,34.043923,-118.243951,82.04,15.94,94.9,792,0.192,5.1,NORMAL,0
drone_6,34.050457,-118.257877,191.57,16.19,67.82,93,0.0841,32.18,NORMAL,0
drone_5,34.051916,-118.242488,11.04,0.91,10.49,1792,0.0756,89.51,JAMMING,1
drone_2,34.06219,-118.249918,109.71,20.27,84.6,1467,0.1831,15.4,NORMAL,0
drone_2,34.056767,-118.232654,221.52,15.71,70.22,1497,0.0706,29.78,NORMAL,0
drone_6,34.0572,-118.2387,100.0,10.0,75.0,500,0.099,25.0,REPLAY_ATTACK,1
drone_10,34.068436,-118.231302,95.14,16.53,89.46,569,0.1719,10.54,NORMAL,0
drone_9,34.047846,-118.239317,57.76,6.29,69.3,180,0.107,30.7,NORMAL,0
drone_9,34.067118,-118.261525,288.29,22.42,62.28,882,0.0775,37.72,NORMAL,0
drone_10,34.049614,-118.24798,221.13,11.62,64.7,417,0.0523,35.3,NORMAL,0
drone_6,34.0572,-118.2387,100.0,10.0,75.0,500,0.099,25.0,REPLAY_ATTACK,1
drone_10,34.053314,-118.244344,246.06,7.14,82.24,1148,0.0289,17.76,NORMAL,0
drone_5,34.069392,-118.263548,93.51,54.43,54.47,86625,0.5759,45.53,DOS,1
drone_1,34.036155,-118.249877,238.67,14.21,77.75,287,0.0593,22.25,NORMAL,0
drone_8,34.043542,-118.229095,198.57,22.46,81.35,424,0.1125,18.65,NORMAL,0
drone_8,34.033625,-118.226616,165.31,9.88,91.77,59,0.0594,8.23,NORMAL,0
drone_3,34.062741,-118.259975,267.74,11.43,95.51,1247,0.0425,4.49,NORMAL,0
drone_10,34.055514,-118.253129,144.9,11.05,76.17,988,0.0757,23.83,NORMAL,0
drone_8,34.0509,-118.22482,90.61,11.84,80.44,951,0.1292,19.56,NORMAL,0
drone_2,34.034251,-118.236192,116.44,15.97,99.4,615,0.136,0.6,NORMAL,0
drone_4,34.055187,-118.226069,294.83,13.05,71.87,397,0.0441,28.13,NORMAL,0
drone_7,34.035791,-118.259243,197.79,5.08,97.48,740,0.0256,2.52,NORMAL,0
drone_9,34.060215,-118.22911,116.41,24.12,85.26,74,0.2054,14.74,NORMAL,0
drone_9,34.037404,-118.243849,164.94,16.15,99.91,1470,0.0973,0.09,NORMAL,0
drone_7,34.047242,-118.259454,215.83,20.06,85.6,503,0.0925,14.4,NORMAL,0
drone_3,34.058436,-118.238594,148.79,21.68,70.83,1136,0.1447,29.17,NORMAL,0
drone_7,34.057443,-118.234697,127.49,7.05,85.76,1078,0.0549,14.24,NORMAL,0
drone_1,34.037856,-118.258061,230.32,15.0,70.41,579,0.0648,29.59,NORMAL,0
drone_6,34.052588,-118.23944,13.28,1.75,2.15,1867,0.1225,97.85,JAMMING,1
drone_4,34.068457,-118.233008,70.59,38.69,42.18,52227,0.5404,57.82,DOS,1
drone_6,34.036126,-118.237619,65.92,6.05,95.31,1481,0.0904,4.69,NORMAL,0
drone_9,34.058426,-118.260987,51.32,17.8,72.0,428,0.3402,28.0,NORMAL,0
drone_7,34.034215,-118.24048,157.33,7.67,70.3,623,0.0484,29.7,NORMAL,0
drone_9,34.056063,-118.23845,240.21,12.96,86.72,262,0.0537,13.28,NORMAL,0
drone_10,34.048865,-118.254055,150.7,9.68,73.89,768,0.0638,26.11,NORMAL,0
drone_5,34.051743,-118.260774,93.09,16.89,72.76,292,0.1795,27.24,NORMAL,0
drone_7,34.038409,-118.25721,189.01,6.65,89.74,1410,0.035,10.26,NORMAL,0
drone_10,34.04173,-118.234916,145.18,23.56,77.11,705,0.1612,22.89,NORMAL,0
drone_8,34.046617,-118.262787,107.11,19.95,91.23,941,0.1845,8.77,NORMAL,0
drone_10,34.05763,-118.253982,164.81,40.54,36.4,18090,0.2445,63.6,DOS,1
drone_7,34.039018,-118.258915,122.68,24.12,92.59,78,0.195,7.41,NORMAL,0
drone_9,34.055973,-118.251869,248.41,14.9,91.21,781,0.0597,8.79,NORMAL,0
drone_9,34.0503,-118.24207,121.66,23.02,79.96,1335,0.1877,20.04,NORMAL,0
drone_3,34.051812,-118.254679,133.2,17.08,90.37,1453,0.1273,9.63,NORMAL,0
drone_5,34.05591,-118.244815,4.77,0.86,5.67,1982,0.149,94.33,JAMMING,1
drone_7,34.0572,-118.2387,100.0,10.0,75.0,500,0.099,25.0,REPLAY_ATTACK,1
drone_2,34.05706,-118.255807,264.92,22.71,67.0,229,0.0854,33.0,NORMAL,0
drone_10,34.044779,-118.246643,232.62,18.79,62.84,320,0.0804,37.16,NORMAL,0
drone_6,34.067032,-118.243705,106.23,8.63,66.62,588,0.0805,33.38,NORMAL,0
drone_9,34.066876,-118.243175,259.75,13.11,72.53,763,0.0503,27.47,NORMAL,0
drone_1,34.05736,-118.260638,152.31,24.94,79.98,892,0.1627,20.02,NORMAL,0
drone_2,34.033651,-118.238126,190.9,10.28,99.68,542,0.0536,0.32,NORMAL,0
drone_8,34.27867,-117.942238,219.95,84.03,51.98,1683,0.3803,48.02,GPS_SPOOFING,1
drone_2,34.06415,-118.252604,135.4,36.78,60.8,14056,0.2696,39.2,DOS,1
drone_10,34.039525,-118.250794,149.18,22.63,74.1,902,0.1507,25.9,NORMAL,0
drone_1,34.0572,-118.2387,100.0,10.0,75.0,500,0.099,25.0,REPLAY_ATTACK,1
drone_3,34.0572,-118.2387,100.0,10.0,75.0,500,0.099,25.0,REPLAY_ATTACK,1
drone_4,34.058037,-118.244154,106.63,10.57,89.27,1192,0.0982,10.73,NORMAL,0
drone_5,34.05052,-118.228079,188.88,12.74,89.77,477,0.0671,10.23,NORMAL,0
drone_2,34.061979,-118.23553,14.04,0.36,9.2,1819,0.0239,90.8,JAMMING,1
drone_1,34.433351,-117.921631,287.78,132.4,78.64,1631,0.4585,21.36,GPS_SPOOFING,1
drone_9,34.069514,-118.23923,234.25,24.83,63.92,1037,0.1055,36.08,NORMAL,0
drone_8,34.043426,-118.256765,82.22,17.37,68.6,1044,0.2087,31.4,NORMAL,0
drone_6,34.070817,-118.227183,168.93,18.07,71.1,1391,0.1063,28.9,NORMAL,0
drone_10,34.034762,-118.263605,62.05,18.51,67.53,1308,0.2936,32.47,NORMAL,0
drone_3,34.040428,-118.234759,54.67,14.39,88.77,462,0.2585,11.23,NORMAL,0
drone_8,34.0572,-118.2387,100.0,10.0,75.0,500,0.099,25.0,REPLAY_ATTACK,1
drone_5,34.05939,-118.23795,9.36,1.96,13.82,1781,0.1892,86.18,JAMMING,1
drone_4,34.051931,-118.225719,171.87,19.39,76.42,690,0.1122,23.58,NORMAL,0
drone_2,34.04341,-118.247196,10.7,1.76,12.13,1881,0.1504,87.87,JAMMING,1
drone_9,34.070688,-118.249461,148.45,5.12,80.54,325,0.0343,19.46,NORMAL,0
drone_3,34.068224,-118.230994,248.46,11.75,93.14,1297,0.0471,6.86,NORMAL,0
drone_8,34.0572,-118.2387,100.0,10.0,75.0,500,0.099,25.0,REPLAY_ATTACK,1
drone_1,34.034287,-118.245305,163.75,54.54,34.12,61563,0.331,65.88,DOS,1
drone_9,34.0572,-118.2387,100.0,10.0,75.0,500,0.099,25.0,REPLAY_ATTACK,1
drone_2,34.036774,-118.227033,235.95,22.47,92.07,648,0.0948,7.93,NORMAL,0
drone_4,34.058923,-118.253902,204.17,22.85,79.79,1322,0.1114,20.21,NORMAL,0
drone_5,34.043244,-118.257121,214.23,14.94,61.37,414,0.0694,38.63,NORMAL,0
drone_7,34.039332,-118.224384,247.47,18.11,74.85,1048,0.0729,25.15,NORMAL,0
drone_4,34.049159,-118.260697,228.85,7.62,68.57,1451,0.0332,31.43,NORMAL,0
drone_5,34.071761,-118.232583,265.71,21.72,65.89,1360,0.0814,34.11,NORMAL,0
drone_7,34.03865,-118.256812,73.0,10.07,99.27,710,0.1361,0.73,NORMAL,0
drone_5,34.0572,-118.2387,100.0,10.0,75.0,500,0.099,25.0,REPLAY_ATTACK,1
drone_7,34.035358,-118.250507,295.21,19.35,77.8,147,0.0653,22.2,NORMAL,0
drone_1,34.067354,-118.24775,270.47,12.44,95.05,235,0.0458,4.95,NORMAL,0
drone_6,34.035209,-118.253337,84.88,19.32,67.36,291,0.225,32.64,NORMAL,0
drone_5,34.042079,-118.248157,280.98,11.98,63.69,972,0.0425,36.31,NORMAL,0
drone_10,34.035616,-118.255971,253.77,22.24,94.49,808,0.0873,5.51,NORMAL,0
drone_10,34.051095,-118.252266,139.17,10.19,96.37,1061,0.0727,3.63,NORMAL,0
drone_10,34.063445,-118.229473,245.99,7.57,92.57,1351,0.0306,7.43,NORMAL,0
drone_3,34.032475,-118.259496,192.33,24.26,83.36,1400,0.1255,16.64,NORMAL,0
drone_7,34.058098,-118.232934,289.77,9.59,99.79,1339,0.033,0.21,NORMAL,0
drone_1,34.035237,-118.240159,89.14,15.26,90.31,879,0.1693,9.69,NORMAL,0
drone_2,34.032452,-118.250506,211.75,17.53,98.87,1442,0.0824,1.13,NORMAL,0
drone_9,34.070085,-118.246879,77.27,11.38,81.92,1409,0.1454,18.08,NORMAL,0
drone_8,34.066009,-118.25773,92.92,35.7,28.59,45275,0.3801,71.41,DOS,1
drone_7,34.479892,-117.814139,314.51,128.43,79.39,1599,0.4071,20.61,GPS_SPOOFING,1
drone_10,34.037689,-118.23723,58.53,40.09,68.09,14757,0.6734,31.91,DOS,1
drone_5,34.0572,-118.2387,100.0,10.0,75.0,500,0.099,25.0,REPLAY_ATTACK,1
drone_8,34.0572,-118.2387,100.0,10.0,75.0,500,0.099,25.0,REPLAY_ATTACK,1
drone_4,34.063189,-118.240392,291.7,15.85,82.58,1040,0.0542,17.42,NORMAL,0
drone_3,34.067432,-118.237232,162.68,50.24,23.52,19833,0.3069,76.48,DOS,1
drone_5,34.0572,-118.2387,100.0,10.0,75.0,500,0.099,25.0,REPLAY_ATTACK,1
drone_10,34.063851,-118.24287,293.45,17.19,68.75,1291,0.0584,31.25,NORMAL,0
drone_3,34.049957,-118.240284,7.46,1.64,10.15,1919,0.1939,89.85,JAMMING,1
drone_4,34.059661,-118.227531,122.59,16.87,98.6,1171,0.1365,1.4,NORMAL,0
drone_6,34.067519,-118.262027,200.02,8.66,77.17,530,0.0431,22.83,NORMAL,0
drone_6,34.040982,-118.23699,50.05,8.15,78.75,571,0.1596,21.25,NORMAL,0
drone_7,34.058645,-118.237629,53.42,8.16,80.17,1443,0.1499,19.83,NORMAL,0
drone_8,34.360261,-117.973487,102.98,114.31,45.88,1591,1.0993,54.12,GPS_SPOOFING,1
drone_2,34.045549,-118.231089,96.64,8.49,84.36,1397,0.087,15.64,NORMAL,0
drone_5,34.07144,-118.238168,297.41,21.18,93.22,1465,0.071,6.78,NORMAL,0
drone_10,34.180798,-117.976992,203.1,90.96,79.45,1658,0.4457,20.55,GPS_SPOOFING,1
drone_2,34.056404,-118.232439,97.94,23.84,89.39,371,0.241,10.61,NORMAL,0
drone_1,34.0572,-118.2387,100.0,10.0,75.0,500,0.099,25.0,REPLAY_ATTACK,1
drone_1,34.046051,-118.259625,120.26,16.65,89.77,737,0.1373,10.23,NORMAL,0
drone_2,34.060008,-118.246182,151.59,43.53,48.32,64549,0.2853,51.68,DOS,1
drone_1,34.05936,-118.25929,265.32,17.56,82.68,806,0.0659,17.32,NORMAL,0
drone_7,34.067589,-118.262864,63.24,10.92,62.32,621,0.17,37.68,NORMAL,0
drone_1,34.057016,-118.233231,96.14,16.2,77.21,1236,0.1668,22.79,NORMAL,0
drone_4,34.036959,-118.235061,217.96,19.81,70.42,1353,0.0905,29.58,NORMAL,0
drone_3,34.069344,-118.22691,167.47,11.59,90.73,866,0.0688,9.27,NORMAL,0
drone_10,34.068735,-118.247829,100.99,19.98,68.79,518,0.1959,31.21,NORMAL,0
drone_2,34.070796,-118.253913,161.97,51.84,50.44,56555,0.3181,49.56,DOS,1
drone_6,34.036788,-118.256561,246.64,17.42,99.8,189,0.0703,0.2,NORMAL,0
drone_8,34.040715,-118.242831,56.24,9.24,89.86,96,0.1614,10.14,NORMAL,0
drone_4,34.047177,-118.255334,280.72,23.82,73.05,186,0.0846,26.95,NORMAL,0
drone_9,34.044305,-118.233146,185.78,21.0,82.75,670,0.1124,17.25,NORMAL,0
drone_2,34.046946,-118.252578,274.26,8.05,67.96,1111,0.0292,32.04,NORMAL,0
drone_1,34.036716,-118.261333,124.87,10.94,75.85,1304,0.0869,24.15,NORMAL,0
drone_6,34.217224,-117.806283,209.49,153.69,65.58,1621,0.7302,34.42,GPS_SPOOFING,1
drone_4,34.045592,-118.24132,256.81,16.37,85.45,346,0.0635,14.55,NORMAL,0
drone_4,34.055144,-118.228826,121.94,57.37,59.47,67657,0.4667,40.53,DOS,1
drone_8,34.036818,-118.225613,170.8,24.21,73.78,17,0.1409,26.22,NORMAL,0
drone_2,34.059889,-118.230723,227.45,19.72,61.34,563,0.0863,38.66,NORMAL,0
drone_5,34.41659,-117.814238,177.81,142.56,42.38,1525,0.7973,57.62,GPS_SPOOFING,1
drone_9,34.062073,-118.230078,51.46,5.17,83.98,1446,0.0986,16.02,NORMAL,0
drone_1,34.037573,-118.263228,186.53,9.05,98.59,160,0.0483,1.41,NORMAL,0
drone_2,34.064512,-118.229886,57.86,15.56,82.39,996,0.2644,17.61,NORMAL,0
drone_7,34.050574,-118.260872,156.05,16.65,85.56,237,0.106,14.44,NORMAL,0
drone_8,34.0572,-118.2387,100.0,10.0,75.0,500,0.099,25.0,REPLAY_ATTACK,1
drone_3,34.058099,-118.248231,124.56,23.36,62.08,452,0.186,37.92,NORMAL,0
drone_9,34.040481,-118.243573,124.11,12.19,73.64,1161,0.0974,26.36,NORMAL,0
drone_10,34.058322,-118.237436,169.81,18.41,87.45,445,0.1078,12.55,NORMAL,0
drone_8,34.059706,-118.225823,163.86,13.64,81.91,863,0.0827,18.09,NORMAL,0
drone_8,34.551318,-117.858916,240.71,141.58,73.43,1680,0.5857,26.57,GPS_SPOOFING,1
drone_7,34.050296,-118.239156,197.19,13.45,98.38,379,0.0679,1.62,NORMAL,0
drone_8,34.204054,-117.875349,288.69,149.87,77.06,1743,0.5173,22.94,GPS_SPOOFING,1
drone_8,34.057648,-118.250292,267.94,13.55,84.02,393,0.0504,15.98,NORMAL,0
drone_9,34.044091,-118.235391,110.42,11.22,91.37,1036,0.1007,8.63,NORMAL,0
drone_1,34.070944,-118.248995,242.15,20.52,68.1,874,0.0844,31.9,NORMAL,0
drone_7,34.065312,-118.250038,191.94,22.22,91.09,666,0.1152,8.91,NORMAL,0
drone_10,34.065411,-118.260583,72.38,22.17,98.86,121,0.3021,1.14,NORMAL,0
drone_5,34.060768,-118.239441,6.23,0.03,12.27,1900,0.0041,87.73,JAMMING,1
drone_10,34.0572,-118.2387,100.0,10.0,75.0,500,0.099,25.0,REPLAY_ATTACK,1
drone_8,34.068892,-118.253767,64.54,14.83,64.59,1076,0.2263,35.41,NORMAL,0
drone_9,34.057012,-118.257783,73.76,19.59,63.4,819,0.262,36.6,NORMAL,0
drone_4,34.065395,-118.251993,72.79,17.99,90.14,1334,0.2438,9.86,NORMAL,0
drone_1,34.037435,-118.256192,92.75,24.14,65.82,633,0.2575,34.18,NORMAL,0
drone_2,34.0572,-118.2387,100.0,10.0,75.0,500,0.099,25.0,REPLAY_ATTACK,1
drone_6,34.046097,-118.243729,211.02,21.99,97.68,649,0.1037,2.32,NORMAL,0
drone_2,34.065125,-118.262778,206.37,11.28,82.09,576,0.0544,17.91,NORMAL,0
drone_4,34.041809,-118.254707,273.91,19.34,63.49,494,0.0704,36.51,NORMAL,0
drone_3,34.0572,-118.2387,100.0,10.0,75.0,500,0.099,25.0,REPLAY_ATTACK,1
drone_5,34.033947,-118.261689,148.04,15.61,81.58,939,0.1047,18.42,NORMAL,0
drone_2,34.071989,-118.228571,132.08,32.31,59.81,74303,0.2428,40.19,DOS,1
drone_8,34.0572,-118.2387,100.0,10.0,75.0,500,0.099,25.0,REPLAY_ATTACK,1
drone_10,34.430039,-117.90094,373.76,129.28,62.28,1697,0.345,37.72,GPS_SPOOFING,1
drone_10,34.053939,-118.257642,245.62,23.66,71.37,392,0.0959,28.63,NORMAL,0
drone_3,34.066328,-118.243088,144.05,20.88,98.08,968,0.144,1.92,NORMAL,0
drone_8,34.0572,-118.2387,100.0,10.0,75.0,500,0.099,25.0,REPLAY_ATTACK,1
drone_4,34.0572,-118.2387,100.0,10.0,75.0,500,0.099,25.0,REPLAY_ATTACK,1
drone_4,34.051103,-118.244343,11.34,0.08,14.19,1948,0.0065,85.81,JAMMING,1
drone_2,34.052111,-118.239399,122.81,21.52,97.64,136,0.1738,2.36,NORMAL,0
drone_4,34.04817,-118.230651,172.88,11.77,67.68,437,0.0677,32.32,NORMAL,0
drone_1,34.045506,-118.237436,7.25,0.94,11.75,1908,0.1139,88.25,JAMMING,1
drone_7,34.066067,-118.230854,269.63,11.73,75.07,631,0.0433,24.93,NORMAL,0
drone_9,34.051589,-118.259684,212.28,16.66,60.72,259,0.0781,39.28,NORMAL,0
drone_6,34.059379,-118.248794,5.21,0.97,2.74,2000,0.1562,97.26,JAMMING,1
drone_7,34.050513,-118.252896,4.92,0.27,3.23,1753,0.0456,96.77,JAMMING,1
drone_2,34.065638,-118.238542,213.38,20.32,74.8,166,0.0948,25.2,NORMAL,0
drone_3,34.053693,-118.241123,53.04,7.82,80.96,1080,0.1447,19.04,NORMAL,0
drone_8,34.055678,-118.254903,136.45,22.62,61.48,493,0.1646,38.52,NORMAL,0
drone_10,34.047168,-118.244863,179.06,16.01,65.19,1005,0.0889,34.81,NORMAL,0
drone_3,34.070517,-118.233604,213.85,5.22,87.82,619,0.0243,12.18,NORMAL,0
drone_6,34.054067,-118.261265,259.41,10.16,66.89,50,0.039,33.11,NORMAL,0
drone_4,34.045163,-118.237011,149.24,13.65,67.9,1378,0.0909,32.1,NORMAL,0
drone_3,34.033352,-118.246566,214.26,21.82,75.74,994,0.1014,24.26,NORMAL,0
drone_8,34.0572,-118.2387,100.0,10.0,75.0,500,0.099,25.0,REPLAY_ATTACK,1
drone_4,34.052276,-118.235426,132.44,59.03,47.0,61974,0.4424,53.0,DOS,1
drone_5,34.203817,-118.025572,303.53,108.18,47.75,1601,0.3552,52.25,GPS_SPOOFING,1
drone_4,34.0572,-118.2387,100.0,10.0,75.0,500,0.099,25.0,REPLAY_ATTACK,1
drone_5,34.039056,-118.250417,280.51,5.53,62.53,566,0.0196,37.47,NORMAL,0
drone_10,34.03705,-118.224689,240.98,11.09,80.54,787,0.0458,19.46,NORMAL,0
drone_1,34.068843,-118.224884,161.73,49.7,31.54,57588,0.3054,68.46,DOS,1
drone_7,34.033179,-118.25879,212.59,11.79,78.12,805,0.0552,21.88,NORMAL,0
drone_3,34.062674,-118.252025,175.78,13.24,81.97,687,0.0749,18.03,NORMAL,0
drone_5,34.054783,-118.242428,5.03,1.22,8.61,1831,0.2023,91.39,JAMMING,1
drone_8,34.041225,-118.251721,274.14,10.16,80.96,647,0.0369,19.04,NORMAL,0
drone_2,34.066004,-118.230666,192.39,18.07,70.84,1305,0.0934,29.16,NORMAL,0
drone_4,34.055721,-118.239092,155.57,51.85,69.55,81035,0.3312,30.45,DOS,1
drone_2,34.038179,-118.236133,181.08,23.74,87.14,4,0.1304,12.86,NORMAL,0
drone_1,34.038186,-118.231088,55.9,8.3,84.82,406,0.1459,15.18,NORMAL,0
drone_4,34.190641,-117.984668,361.41,90.54,78.04,1508,0.2498,21.96,GPS_SPOOFING,1
drone_6,34.045016,-118.254127,81.56,8.88,65.86,1243,0.1076,34.14,NORMAL,0
drone_2,34.0572,-118.2387,100.0,10.0,75.0,500,0.099,25.0,REPLAY_ATTACK,1
drone_3,34.0639,-118.234514,251.19,7.56,72.83,1348,0.03,27.17,NORMAL,0
drone_5,34.069246,-118.257271,251.06,14.64,86.96,102,0.0581,13.04,NORMAL,0
drone_5,34.042444,-118.251671,4.13,0.35,4.58,1854,0.0682,95.42,JAMMING,1
drone_2,34.038005,-118.230667,123.97,47.68,58.72,42256,0.3815,41.28,DOS,1
drone_9,34.054802,-118.255354,272.65,12.96,99.65,959,0.0474,0.35,NORMAL,0
drone_4,34.052796,-118.245503,10.62,1.35,7.17,1968,0.1162,92.83,JAMMING,1
drone_2,34.056344,-118.244698,14.89,1.54,11.93,1776,0.0969,88.07,JAMMING,1
drone_6,34.457469,-117.907222,295.2,136.58,86.69,1587,0.4611,13.31,GPS_SPOOFING,1
drone_1,34.044996,-118.247004,10.77,1.74,8.77,1987,0.1478,91.23,JAMMING,1
drone_4,34.045197,-118.243294,0.79,0.97,3.19,1822,0.5419,96.81,JAMMING,1
drone_9,34.0572,-118.2387,100.0,10.0,75.0,500,0.099,25.0,REPLAY_ATTACK,1
drone_5,34.059655,-118.245516,159.29,31.63,43.66,44454,0.1973,56.34,DOS,1
drone_7,34.069479,-118.263098,143.12,6.54,92.75,315,0.0454,7.25,NORMAL,0
drone_7,34.351924,-117.917293,164.93,151.5,83.04,1648,0.913,16.96,GPS_SPOOFING,1
drone_4,34.047425,-118.253062,14.11,0.78,2.21,1810,0.0516,97.79,JAMMING,1
drone_8,34.056762,-118.230824,121.84,6.67,64.38,862,0.0543,35.62,NORMAL,0
drone_6,34.037321,-118.240951,298.8,8.34,86.55,118,0.0278,13.45,NORMAL,0
drone_9,34.045946,-118.238154,82.01,21.66,99.41,468,0.2609,0.59,NORMAL,0
drone_8,34.061716,-118.250216,126.03,6.33,76.95,99,0.0498,23.05,NORMAL,0
drone_7,34.04539,-118.244523,2.24,1.81,10.03,1793,0.5586,89.97,JAMMING,1
drone_2,34.052425,-118.242061,298.21,10.25,95.77,274,0.0343,4.23,NORMAL,0
drone_1,34.064175,-118.245309,89.3,13.48,73.0,847,0.1493,27.0,NORMAL,0
drone_7,34.053723,-118.259107,185.05,5.38,93.19,846,0.0289,6.81,NORMAL,0
drone_5,34.47302,-117.904003,174.05,134.47,47.95,1661,0.7682,52.05,GPS_SPOOFING,1
drone_7,34.045646,-118.254134,144.35,13.55,70.85,1309,0.0932,29.15,NORMAL,0
drone_4,34.045153,-118.241609,238.69,23.53,70.93,1031,0.0982,29.07,NORMAL,0
drone_2,34.0572,-118.2387,100.0,10.0,75.0,500,0.099,25.0,REPLAY_ATTACK,1
drone_5,34.069856,-118.238283,74.51,12.04,89.25,639,0.1594,10.75,NORMAL,0
drone_6,34.29736,-118.067315,269.09,86.56,49.7,1711,0.3205,50.3,GPS_SPOOFING,1
drone_3,34.065913,-118.248733,64.56,7.6,97.9,1395,0.1159,2.1,NORMAL,0
drone_1,34.070895,-118.261178,163.55,11.95,81.42,1408,0.0726,18.58,NORMAL,0
drone_9,34.0572,-118.2387,100.0,10.0,75.0,500,0.099,25.0,REPLAY_ATTACK,1
drone_10,34.04006,-118.244811,287.32,14.04,96.23,919,0.0487,3.77,NORMAL,0
drone_10,34.190186,-117.818033,230.02,140.84,70.98,1698,0.6096,29.02,GPS_SPOOFING,1
drone_3,34.04204,-118.262612,100.6,22.69,97.44,1406,0.2233,2.56,NORMAL,0
drone_4,34.032392,-118.258809,296.66,17.28,88.43,1102,0.0581,11.57,NORMAL,0
drone_2,34.071016,-118.255392,225.88,13.26,85.79,1074,0.0584,14.21,NORMAL,0
drone_1,34.056994,-118.260453,175.29,12.39,61.63,1023,0.0703,38.37,NORMAL,0
drone_2,34.051368,-118.240468,117.53,13.84,87.14,669,0.1168,12.86,NORMAL,0
drone_6,34.060698,-118.228774,178.24,13.59,71.72,1450,0.0758,28.28,NORMAL,0
drone_7,34.216115,-118.08244,237.64,142.48,59.22,1640,0.597,40.78,GPS_SPOOFING,1
drone_3,34.046607,-118.225071,106.79,17.42,62.25,1025,0.1616,37.75,NORMAL,0
drone_10,34.035327,-118.239046,184.85,24.02,85.72,947,0.1292,14.28,NORMAL,0
drone_1,34.041434,-118.238011,286.02,6.27,89.49,448,0.0218,10.51,NORMAL,0
drone_7,34.042331,-118.241463,244.21,13.69,75.2,1173,0.0558,24.8,NORMAL,0
drone_2,34.050554,-118.254174,274.8,22.59,78.4,990,0.0819,21.6,NORMAL,0
drone_2,34.06254,-118.238215,150.09,57.02,60.35,34208,0.3774,39.65,DOS,1
drone_7,34.049324,-118.249046,13.56,0.98,5.03,1775,0.0673,94.97,JAMMING,1
drone_4,34.052997,-118.237255,4.05,1.88,3.51,1893,0.3723,96.49,JAMMING,1
drone_2,34.057336,-118.246184,12.01,1.69,9.93,1852,0.1299,90.07,JAMMING,1
drone_5,34.069843,-118.228613,80.14,18.0,79.91,302,0.2218,20.09,NORMAL,0
drone_2,34.064682,-118.242061,93.63,33.2,56.95,11755,0.3508,43.05,DOS,1
drone_9,34.18591,-117.889225,113.32,138.2,85.66,1553,1.2089,14.34,GPS_SPOOFING,1
drone_10,34.0572,-118.2387,100.0,10.0,75.0,500,0.099,25.0,REPLAY_ATTACK,1
drone_1,34.411954,-118.072543,338.25,133.25,60.33,1672,0.3928,39.67,GPS_SPOOFING,1
drone_10,34.0679,-118.253048,53.87,44.85,54.61,71490,0.8174,45.39,DOS,1
drone_1,34.042156,-118.262117,267.08,23.4,66.23,1216,0.0873,33.77,NORMAL,0
drone_1,34.033417,-118.254356,285.63,20.16,85.73,797,0.0703,14.27,NORMAL,0
drone_1,34.050585,-118.227478,134.82,21.1,84.39,1245,0.1554,15.61,NORMAL,0
drone_6,34.071112,-118.228433,85.5,21.76,69.05,29,0.2516,30.95,NORMAL,0
drone_10,34.0572,-118.2387,100.0,10.0,75.0,500,0.099,25.0,REPLAY_ATTACK,1
drone_7,34.069923,-118.228563,55.65,10.2,65.58,461,0.1801,34.42,NORMAL,0
drone_8,34.049724,-118.24729,220.86,11.01,90.89,12,0.0496,9.11,NORMAL,0
drone_6,34.051666,-118.247379,137.24,7.29,93.61,104,0.0527,6.39,NORMAL,0
drone_8,34.053595,-118.228218,118.28,55.24,40.22,66072,0.4631,59.78,DOS,1
drone_4,34.056828,-118.241171,144.56,17.34,69.63,772,0.1191,30.37,NORMAL,0
drone_8,34.065502,-118.233456,59.71,9.55,72.66,516,0.1573,27.34,NORMAL,0
drone_10,34.056402,-118.229737,120.0,39.8,62.86,24716,0.3289,37.14,DOS,1
drone_2,34.498544,-118.01329,106.06,105.85,88.45,1627,0.9887,11.55,GPS_SPOOFING,1
drone_7,34.066212,-118.246449,289.38,18.64,63.2,398,0.0642,36.8,NORMAL,0
drone_1,34.065154,-118.25209,88.05,37.96,67.39,36971,0.4263,32.61,DOS,1
drone_8,34.046513,-118.232246,59.94,10.6,80.34,986,0.1739,19.66,NORMAL,0
drone_6,34.038725,-118.24532,180.54,21.1,94.46,1256,0.1162,5.54,NORMAL,0
drone_2,34.041316,-118.252927,217.33,18.13,99.31,495,0.083,0.69,NORMAL,0
drone_3,34.047018,-118.263388,107.54,59.71,42.1,11992,0.5501,57.9,DOS,1
drone_3,34.059054,-118.228431,216.07,11.6,86.31,1027,0.0534,13.69,NORMAL,0
drone_1,34.049842,-118.242237,292.2,5.63,72.8,1440,0.0192,27.2,NORMAL,0
drone_7,34.061331,-118.249523,152.56,31.85,61.3,78245,0.2074,38.7,DOS,1
drone_1,34.058384,-118.235067,10.1,1.4,14.08,1802,0.1261,85.92,JAMMING,1
drone_3,34.484204,-118.041922,327.12,153.99,72.21,1523,0.4693,27.79,GPS_SPOOFING,1
drone_2,34.039949,-118.23354,108.47,12.19,99.48,831,0.1114,0.52,NORMAL,0
drone_7,34.058511,-118.243419,287.85,20.99,71.99,1041,0.0727,28.01,NORMAL,0
drone_4,34.051776,-118.246014,7.89,0.56,10.86,1790,0.063,89.14,JAMMING,1
drone_1,34.067021,-118.25343,216.86,7.42,74.4,1090,0.0341,25.6,NORMAL,0
drone_8,34.203712,-117.91614,360.61,121.58,59.64,1630,0.3362,40.36,GPS_SPOOFING,1
drone_10,34.042426,-118.238003,167.2,14.12,79.19,708,0.0839,20.81,NORMAL,0
drone_9,34.032381,-118.258277,200.19,13.42,73.67,153,0.0667,26.33,NORMAL,0
drone_6,34.316688,-118.066098,352.53,93.06,60.74,1656,0.2632,39.26,GPS_SPOOFING,1
drone_10,34.053442,-118.231904,105.93,18.94,74.05,618,0.1771,25.95,NORMAL,0
drone_5,34.070857,-118.245595,176.12,6.79,83.98,1202,0.0383,16.02,NORMAL,0
drone_5,34.0572,-118.2387,100.0,10.0,75.0,500,0.099,25.0,REPLAY_ATTACK,1
drone_8,34.038731,-118.234818,86.61,13.56,61.49,667,0.1548,38.51,NORMAL,0
drone_8,34.049306,-118.255192,171.32,7.69,65.01,1155,0.0446,34.99,NORMAL,0
drone_7,34.068988,-118.235783,279.8,7.74,67.96,775,0.0276,32.04,NORMAL,0
drone_1,34.058506,-118.253008,6.53,0.09,6.96,1880,0.012,93.04,JAMMING,1
drone_3,34.047054,-118.261295,50.85,15.76,67.69,520,0.304,32.31,NORMAL,0
drone_5,34.032257,-118.23213,235.77,9.4,79.07,511,0.0397,20.93,NORMAL,0
drone_10,34.354364,-118.038426,233.09,91.81,53.01,1669,0.3922,46.99,GPS_SPOOFING,1
drone_4,34.478542,-118.008398,283.22,150.05,80.23,1647,0.5279,19.77,GPS_SPOOFING,1
drone_1,34.056113,-118.251371,3.08,0.48,1.76,1782,0.1176,98.24,JAMMING,1
drone_9,34.068244,-118.240228,142.34,40.56,67.62,58257,0.283,32.38,DOS,1
drone_7,34.0572,-118.2387,100.0,10.0,75.0,500,0.099,25.0,REPLAY_ATTACK,1
drone_7,34.045581,-118.237025,2.87,0.33,3.41,1849,0.0853,96.59,JAMMING,1
drone_3,34.03743,-118.250844,147.67,20.2,96.66,889,0.1359,3.34,NORMAL,0
drone_7,34.072018,-118.235148,54.43,11.69,76.69,1055,0.2109,23.31,NORMAL,0
drone_5,34.039344,-118.234913,268.11,10.69,86.17,1418,0.0397,13.83,NORMAL,0
drone_8,34.042326,-118.258907,57.95,16.76,97.38,323,0.2843,2.62,NORMAL,0
drone_9,34.059141,-118.255476,274.75,19.55,90.8,723,0.0709,9.2,NORMAL,0
drone_4,34.057002,-118.247658,256.0,14.57,90.62,1012,0.0567,9.38,NORMAL,0
drone_5,34.034585,-118.233132,199.15,20.2,64.73,1387,0.1009,35.27,NORMAL,0
drone_4,34.053771,-118.24109,129.58,10.38,89.52,1379,0.0795,10.48,NORMAL,0
drone_2,34.052269,-118.240193,3.5,1.62,1.88,1833,0.36,98.12,JAMMING,1
drone_1,34.042443,-118.236566,88.38,38.07,29.02,15126,0.4259,70.98,DOS,1
drone_8,34.051764,-118.257492,136.02,13.49,65.22,21,0.0985,34.78,NORMAL,0
drone_8,34.059283,-118.248247,162.36,23.73,84.49,1097,0.1453,15.51,NORMAL,0
drone_2,34.056468,-118.251046,12.69,0.19,3.53,1788,0.0139,96.47,JAMMING,1
drone_8,34.053176,-118.235365,129.4,6.84,84.22,266,0.0525,15.78,NORMAL,0
drone_10,34.510299,-118.054879,185.58,88.1,79.83,1612,0.4722,20.17,GPS_SPOOFING,1
drone_10,34.039486,-118.251484,57.13,16.38,80.99,1428,0.2818,19.01,NORMAL,0
drone_1,34.069802,-118.238229,187.31,18.31,71.59,230,0.0972,28.41,NORMAL,0
drone_9,34.035437,-118.251406,106.0,11.51,64.0,1350,0.1076,36.0,NORMAL,0
drone_8,34.04986,-118.252669,219.71,7.8,60.54,1084,0.0353,39.46,NORMAL,0
drone_6,34.03825,-118.250669,220.04,16.22,70.54,348,0.0734,29.46,NORMAL,0
drone_8,34.403392,-117.825866,122.95,142.2,64.76,1550,1.1472,35.24,GPS_SPOOFING,1
drone_9,34.046286,-118.22968,196.88,22.0,62.86,1220,0.1112,37.14,NORMAL,0
drone_10,34.043476,-118.247197,182.29,44.98,56.68,16893,0.2454,43.32,DOS,1
drone_7,34.06495,-118.260078,257.37,20.51,71.54,924,0.0794,28.46,NORMAL,0
drone_2,34.0572,-118.2387,100.0,10.0,75.0,500,0.099,25.0,REPLAY_ATTACK,1
drone_3,34.071098,-118.246763,77.94,5.28,85.67,496,0.0669,14.33,NORMAL,0
drone_5,34.072099,-118.246986,69.71,8.84,99.85,252,0.125,0.15,NORMAL,0
drone_9,34.036817,-118.24746,68.44,31.41,67.67,84475,0.4523,32.33,DOS,1
drone_9,34.062179,-118.252112,171.13,35.24,34.54,24027,0.2047,65.46,DOS,1
drone_1,34.058263,-118.255095,116.88,21.2,88.29,1014,0.1798,11.71,NORMAL,0
drone_10,34.209354,-117.774408,316.93,92.9,80.5,1685,0.2922,19.5,GPS_SPOOFING,1
drone_1,34.054849,-118.254332,192.62,42.88,37.51,21430,0.2215,62.49,DOS,1
drone_1,34.0572,-118.2387,100.0,10.0,75.0,500,0.099,25.0,REPLAY_ATTACK,1
drone_3,34.036493,-118.258333,94.47,58.55,62.84,18288,0.6133,37.16,DOS,1
drone_1,34.071011,-118.245392,298.63,14.59,92.47,249,0.0487,7.53,NORMAL,0
drone_2,34.048954,-118.234779,82.7,10.9,89.14,449,0.1302,10.86,NORMAL,0
drone_7,34.062462,-118.263392,91.59,37.03,22.48,35517,0.3999,77.52,DOS,1
drone_6,34.040639,-118.23343,166.26,5.09,85.8,636,0.0304,14.2,NORMAL,0
drone_10,34.054178,-118.243219,14.75,1.07,12.2,1820,0.0679,87.8,JAMMING,1
drone_2,34.431518,-117.98475,258.85,93.56,88.99,1608,0.3601,11.01,GPS_SPOOFING,1
drone_6,34.069016,-118.246384,222.3,18.86,69.33,634,0.0845,30.67,NORMAL,0
drone_7,34.0572,-118.2387,100.0,10.0,75.0,500,0.099,25.0,REPLAY_ATTACK,1
drone_4,34.038099,-118.259321,182.61,10.36,63.78,113,0.0564,36.22,NORMAL,0
drone_3,34.068727,-118.236403,117.15,7.44,62.35,339,0.063,37.65,NORMAL,0
drone_5,34.273077,-117.89655,235.98,84.03,54.32,1749,0.3546,45.68,GPS_SPOOFING,1
drone_3,34.037923,-118.225851,223.82,6.18,63.81,1330,0.0275,36.19,NORMAL,0
drone_6,34.056683,-118.22619,178.38,7.79,92.61,704,0.0434,7.39,NORMAL,0
drone_8,34.06471,-118.253037,81.95,14.78,61.82,702,0.1782,38.18,NORMAL,0
drone_5,34.036,-118.243092,144.14,39.42,69.81,29479,0.2716,30.19,DOS,1
drone_5,34.069305,-118.238799,91.98,19.52,63.36,76,0.2099,36.64,NORMAL,0
drone_5,34.042114,-118.250341,197.48,23.55,70.74,360,0.1187,29.26,NORMAL,0
drone_7,34.065454,-118.244669,198.86,5.77,81.37,205,0.0289,18.63,NORMAL,0
drone_1,34.326415,-117.860625,323.24,145.77,69.14,1668,0.4496,30.86,GPS_SPOOFING,1
drone_8,34.0572,-118.2387,100.0,10.0,75.0,500,0.099,25.0,REPLAY_ATTACK,1
drone_6,34.034462,-118.238483,94.07,44.64,53.98,61405,0.4695,46.02,DOS,1
drone_10,34.0572,-118.2387,100.0,10.0,75.0,500,0.099,25.0,REPLAY_ATTACK,1
drone_5,34.046728,-118.249041,122.28,33.73,26.79,42862,0.2736,73.21,DOS,1
drone_6,34.036021,-118.260806,89.96,11.86,94.29,999,0.1304,5.71,NORMAL,0
drone_5,34.03813,-118.24753,190.94,23.39,87.99,212,0.1219,12.01,NORMAL,0
drone_5,34.052773,-118.254596,85.08,11.42,87.56,659,0.1327,12.44,NORMAL,0
drone_3,34.0381,-118.246175,242.78,23.53,78.23,122,0.0965,21.77,NORMAL,0
drone_3,34.0572,-118.2387,100.0,10.0,75.0,500,0.099,25.0,REPLAY_ATTACK,1
drone_2,34.055022,-118.233041,180.47,19.67,87.91,1132,0.1084,12.09,NORMAL,0
drone_8,34.038588,-118.233789,295.04,9.97,74.17,1358,0.0337,25.83,NORMAL,0
drone_5,34.058347,-118.230218,269.73,18.91,74.04,680,0.0698,25.96,NORMAL,0
drone_9,34.0572,-118.2387,100.0,10.0,75.0,500,0.099,25.0,REPLAY_ATTACK,1
drone_9,34.035252,-118.229169,283.7,17.89,99.32,816,0.0628,0.68,NORMAL,0
drone_1,34.0572,-118.2387,100.0,10.0,75.0,500,0.099,25.0,REPLAY_ATTACK,1
drone_8,34.05762,-118.23463,132.73,20.96,80.62,1180,0.1567,19.38,NORMAL,0
drone_4,34.04017,-118.255927,136.47,19.59,91.59,686,0.1425,8.41,NORMAL,0
drone_4,34.068847,-118.249304,93.92,54.68,28.59,49062,0.5761,71.41,DOS,1
drone_7,34.04691,-118.236566,2.16,1.29,8.16,1760,0.4082,91.84,JAMMING,1
drone_8,34.033379,-118.263034,137.83,21.5,71.07,151,0.1549,28.93,NORMAL,0
drone_5,34.06753,-118.250155,86.68,22.98,78.3,168,0.2621,21.7,NORMAL,0
drone_10,34.051582,-118.23925,73.91,14.46,66.9,331,0.193,33.1,NORMAL,0
drone_9,34.425565,-117.895824,280.86,156.06,70.73,1611,0.5537,29.27,GPS_SPOOFING,1
drone_1,34.061475,-118.250752,79.0,22.9,81.68,345,0.2863,18.32,NORMAL,0
drone_1,34.049672,-118.249722,11.55,1.75,5.29,1961,0.1394,94.71,JAMMING,1
drone_5,34.045973,-118.240499,5.76,1.43,10.55,1860,0.2115,89.45,JAMMING,1
drone_6,34.056472,-118.249025,216.17,5.71,64.82,326,0.0263,35.18,NORMAL,0
drone_7,34.040992,-118.260691,100.63,43.72,38.23,75039,0.4302,61.77,DOS,1
drone_4,34.040284,-118.253869,212.1,21.47,98.34,1170,0.1008,1.66,NORMAL,0
drone_2,34.03628,-118.236672,132.64,48.15,38.5,41699,0.3603,61.5,DOS,1
drone_2,34.038542,-118.246964,114.14,13.79,91.88,864,0.1198,8.12,NORMAL,0
drone_1,34.053956,-118.241584,157.0,24.03,88.07,184,0.1521,11.93,NORMAL,0
drone_3,34.160127,-118.122401,131.72,140.76,81.62,1531,1.0606,18.38,GPS_SPOOFING,1
drone_8,34.049902,-118.249415,74.24,5.57,90.09,426,0.074,9.91,NORMAL,0
drone_4,34.0572,-118.2387,100.0,10.0,75.0,500,0.099,25.0,REPLAY_ATTACK,1
drone_4,34.297781,-118.054428,296.56,127.91,51.14,1527,0.4299,48.86,GPS_SPOOFING,1
drone_9,34.043737,-118.24413,293.0,16.8,84.83,413,0.0571,15.17,NORMAL,0
drone_2,34.049828,-118.262174,195.2,22.31,97.92,767,0.1137,2.08,NORMAL,0
drone_9,34.0572,-118.2387,100.0,10.0,75.0,500,0.099,25.0,REPLAY_ATTACK,1
drone_10,34.069509,-118.263218,123.31,42.33,55.29,20535,0.3405,44.71,DOS,1
drone_8,34.446902,-117.77879,334.95,122.9,78.44,1691,0.3658,21.56,GPS_SPOOFING,1
drone_4,34.055762,-118.25439,293.13,23.03,96.4,1250,0.0783,3.6,NORMAL,0
drone_9,34.042309,-118.224046,76.55,19.18,77.38,451,0.2473,22.62,NORMAL,0
drone_9,34.042179,-118.254432,60.84,5.37,86.85,232,0.0868,13.15,NORMAL,0
drone_2,34.058261,-118.23794,180.44,21.56,93.38,1043,0.1188,6.62,NORMAL,0
drone_5,34.0572,-118.2387,100.0,10.0,75.0,500,0.099,25.0,REPLAY_ATTACK,1
drone_8,34.228423,-118.076443,348.17,110.53,53.32,1526,0.3166,46.68,GPS_SPOOFING,1
drone_5,34.032707,-118.260026,203.14,15.31,78.55,1270,0.075,21.45,NORMAL,0
drone_2,34.055954,-118.224686,178.99,32.34,47.66,87048,0.1797,52.34,DOS,1
drone_2,34.035344,-118.256277,87.95,16.07,64.81,985,0.1807,35.19,NORMAL,0
drone_9,34.046706,-118.25812,116.43,30.86,44.69,30408,0.2628,55.31,DOS,1
drone_10,34.057187,-118.247418,145.88,22.68,75.23,1114,0.1544,24.77,NORMAL,0
drone_8,34.067416,-118.256856,144.75,16.06,72.45,578,0.1102,27.55,NORMAL,0
drone_6,34.0572,-118.2387,100.0,10.0,75.0,500,0.099,25.0,REPLAY_ATTACK,1
drone_3,34.039342,-118.232777,88.1,47.24,57.72,34664,0.5302,42.28,DOS,1
drone_7,34.062182,-118.22556,77.03,41.06,43.2,42876,0.5262,56.8,DOS,1
drone_5,34.056727,-118.25197,9.88,0.52,4.15,1801,0.0478,95.85,JAMMING,1
drone_7,34.179868,-117.863164,208.34,102.31,73.2,1570,0.4887,26.8,GPS_SPOOFING,1
drone_2,34.047403,-118.242227,52.83,24.83,61.26,950,0.4613,38.74,NORMAL,0
drone_10,34.057247,-118.245307,12.56,0.66,12.17,1896,0.0487,87.83,JAMMING,1
drone_7,34.034861,-118.259174,99.51,10.09,94.5,210,0.1004,5.5,NORMAL,0
drone_4,34.058006,-118.250248,115.66,12.65,62.87,1252,0.1084,37.13,NORMAL,0
drone_9,34.04019,-118.242672,199.75,19.45,83.21,1011,0.0969,16.79,NORMAL,0
drone_9,34.04169,-118.247324,63.31,17.03,88.33,1412,0.2648,11.67,NORMAL,0
drone_1,34.237223,-117.853988,288.44,147.04,80.72,1562,0.508,19.28,GPS_SPOOFING,1
drone_2,34.040483,-118.263268,176.1,16.01,78.63,1463,0.0904,21.37,NORMAL,0
drone_5,34.061257,-118.244252,240.3,8.15,96.02,1184,0.0338,3.98,NORMAL,0
drone_10,34.061813,-118.256571,91.78,8.14,96.52,828,0.0877,3.48,NORMAL,0
drone_4,34.042874,-118.243827,158.45,21.43,72.42,284,0.1344,27.58,NORMAL,0
drone_3,34.041499,-118.256709,117.0,43.17,49.47,69651,0.3658,50.53,DOS,1
drone_2,34.057336,-118.248,9.2,1.31,11.87,1956,0.1284,88.13,JAMMING,1
drone_5,34.060113,-118.226003,190.08,24.7,87.93,1121,0.1293,12.07,NORMAL,0
drone_5,34.042042,-118.260116,260.63,18.84,98.83,867,0.072,1.17,NORMAL,0
drone_1,34.036794,-118.255001,269.37,23.17,75.8,984,0.0857,24.2,NORMAL,0
drone_3,34.058443,-118.231765,271.88,17.77,81.79,1265,0.0651,18.21,NORMAL,0
drone_8,34.049421,-118.254289,206.22,8.81,91.18,955,0.0425,8.82,NORMAL,0
drone_10,34.060862,-118.224883,161.26,22.73,97.96,1273,0.1401,2.04,NORMAL,0
drone_10,34.054202,-118.236136,0.77,1.97,2.65,1800,1.113,97.35,JAMMING,1
drone_6,34.217143,-117.940577,396.68,88.44,81.24,1547,0.2224,18.76,GPS_SPOOFING,1
drone_8,34.046211,-118.22921,174.06,15.89,61.81,1190,0.0908,38.19,NORMAL,0
drone_10,34.044048,-118.238736,7.06,0.26,11.07,1898,0.0323,88.93,JAMMING,1
drone_2,34.257536,-118.082438,266.09,158.35,56.05,1724,0.5929,43.95,GPS_SPOOFING,1
drone_10,34.0572,-118.2387,100.0,10.0,75.0,500,0.099,25.0,REPLAY_ATTACK,1
drone_1,34.055352,-118.24182,4.26,1.95,2.52,1902,0.3707,97.48,JAMMING,1
drone_8,34.047393,-118.254947,124.33,15.82,90.62,1007,0.1262,9.38,NORMAL,0
drone_1,34.0572,-118.2387,100.0,10.0,75.0,500,0.099,25.0,REPLAY_ATTACK,1
drone_9,34.057566,-118.225963,141.72,21.24,87.58,353,0.1488,12.42,NORMAL,0
drone_3,34.065071,-118.26247,113.55,16.58,91.33,1103,0.1447,8.67,NORMAL,0
drone_3,34.038311,-118.23361,94.3,15.17,78.67,1394,0.1592,21.33,NORMAL,0
drone_9,34.492504,-117.792452,198.89,91.22,58.58,1522,0.4564,41.42,GPS_SPOOFING,1
drone_1,34.04798,-118.245415,138.86,6.44,96.78,1197,0.046,3.22,NORMAL,0
drone_7,34.065779,-118.255062,193.27,17.52,82.67,1282,0.0902,17.33,NORMAL,0
drone_10,34.068545,-118.238116,169.39,12.66,88.32,1376,0.0743,11.68,NORMAL,0
drone_9,34.053939,-118.258435,174.99,6.42,95.29,975,0.0365,4.71,NORMAL,0
drone_8,34.441548,-117.755104,167.34,127.36,65.03,1705,0.7566,34.97,GPS_SPOOFING,1
drone_3,34.051819,-118.23588,130.7,37.59,58.89,31256,0.2854,41.11,DOS,1
drone_5,34.042352,-118.223984,234.53,18.38,74.32,1388,0.078,25.68,NORMAL,0
drone_6,34.064468,-118.23823,169.26,10.98,75.79,586,0.0645,24.21,NORMAL,0
drone_3,34.040474,-118.246973,278.57,20.1,84.57,871,0.0719,15.43,NORMAL,0
drone_3,34.032778,-118.236479,195.31,38.29,68.96,82033,0.195,31.04,DOS,1
drone_4,34.495105,-118.033323,367.87,90.38,89.64,1572,0.245,10.36,GPS_SPOOFING,1
drone_5,34.217889,-117.796812,333.15,150.59,75.03,1684,0.4507,24.97,GPS_SPOOFING,1
drone_1,34.051534,-118.259264,156.26,31.44,49.49,78402,0.1999,50.51,DOS,1
drone_9,34.0572,-118.2387,100.0,10.0,75.0,500,0.099,25.0,REPLAY_ATTACK,1
drone_4,34.07094,-118.257113,224.55,9.15,84.01,655,0.0406,15.99,NORMAL,0
drone_5,34.195907,-118.029728,136.33,127.01,64.81,1696,0.9249,35.19,GPS_SPOOFING,1
drone_1,34.056052,-118.22548,212.56,13.54,64.3,893,0.0634,35.7,NORMAL,0
drone_4,34.064222,-118.262763,91.6,19.9,93.69,1152,0.2149,6.31,NORMAL,0
drone_9,34.038857,-118.254916,244.68,14.88,78.19,236,0.0606,21.81,NORMAL,0
drone_2,34.0572,-118.2387,100.0,10.0,75.0,500,0.099,25.0,REPLAY_ATTACK,1
drone_9,34.531488,-117.958166,282.57,140.36,88.31,1623,0.495,11.69,GPS_SPOOFING,1
drone_6,34.038512,-118.230594,141.26,22.65,67.91,905,0.1592,32.09,NORMAL,0
drone_7,34.052847,-118.249079,2.0,0.43,3.1,1921,0.1433,96.9,JAMMING,1
drone_9,34.061395,-118.230217,76.95,14.53,76.73,120,0.1864,23.27,NORMAL,0
drone_1,34.037781,-118.223874,138.57,10.55,76.52,1267,0.0756,23.48,NORMAL,0
drone_4,34.046384,-118.258714,163.31,7.98,76.25,548,0.0486,23.75,NORMAL,0
drone_6,34.059458,-118.244606,111.31,8.64,81.92,1046,0.0769,18.08,NORMAL,0
drone_7,34.184952,-117.98837,290.54,108.96,74.83,1655,0.3737,25.17,GPS_SPOOFING,1
drone_10,34.057733,-118.224523,274.11,11.2,76.07,77,0.0407,23.93,NORMAL,0
drone_7,34.043039,-118.225692,91.48,57.95,37.28,73379,0.6266,62.72,DOS,1
drone_1,34.068803,-118.235818,137.27,17.01,85.75,1487,0.123,14.25,NORMAL,0
drone_4,34.050875,-118.23561,54.31,20.19,81.76,1295,0.365,18.24,NORMAL,0
drone_6,34.060136,-118.232039,149.56,14.85,60.01,347,0.0986,39.99,NORMAL,0
drone_6,34.039791,-118.238341,224.26,11.11,64.04,223,0.0493,35.96,NORMAL,0
drone_1,34.044301,-118.242063,4.73,0.06,2.71,1977,0.0105,97.29,JAMMING,1
drone_4,34.0572,-118.2387,100.0,10.0,75.0,500,0.099,25.0,REPLAY_ATTACK,1
drone_4,34.044546,-118.244085,9.19,0.57,13.24,1972,0.0559,86.76,JAMMING,1
drone_10,34.046155,-118.251702,254.7,23.19,78.9,261,0.0907,21.1,NORMAL,0
drone_7,34.309227,-117.938561,254.47,152.58,51.15,1560,0.5973,48.85,GPS_SPOOFING,1
drone_10,34.05328,-118.249221,296.84,6.24,95.86,33,0.021,4.14,NORMAL,0
drone_2,34.070584,-118.254382,188.91,23.42,85.77,673,0.1233,14.23,NORMAL,0
drone_5,34.039639,-118.228531,159.42,47.29,45.6,51093,0.2948,54.4,DOS,1
drone_4,34.03566,-118.254097,159.71,7.38,62.47,1323,0.0459,37.53,NORMAL,0
drone_10,34.065633,-118.257783,108.4,8.79,66.2,1172,0.0803,33.8,NORMAL,0
drone_5,34.042543,-118.242516,1.46,0.56,1.71,1856,0.2276,98.29,JAMMING,1
drone_10,34.052195,-118.252708,192.51,14.8,69.14,894,0.0765,30.86,NORMAL,0
drone_6,34.052534,-118.256361,177.07,42.49,34.21,75096,0.2386,65.79,DOS,1
drone_2,34.229439,-117.746952,196.36,146.17,78.8,1532,0.7406,21.2,GPS_SPOOFING,1
drone_5,34.059661,-118.243019,108.67,16.25,90.82,1338,0.1482,9.18,NORMAL,0
drone_8,34.037008,-118.258002,227.77,9.95,76.8,1263,0.0435,23.2,NORMAL,0
drone_10,34.0572,-118.2387,100.0,10.0,75.0,500,0.099,25.0,REPLAY_ATTACK,1
drone_2,34.063698,-118.227672,87.36,19.11,86.16,192,0.2163,13.84,NORMAL,0
drone_8,34.0572,-118.2387,100.0,10.0,75.0,500,0.099,25.0,REPLAY_ATTACK,1
drone_4,34.0572,-118.2387,100.0,10.0,75.0,500,0.099,25.0,REPLAY_ATTACK,1
drone_7,34.067618,-118.233827,167.85,13.65,94.22,841,0.0808,5.78,NORMAL,0
drone_5,34.037002,-118.254397,96.14,13.91,79.43,533,0.1432,20.57,NORMAL,0
drone_6,34.053906,-118.263081,289.51,6.98,76.61,1015,0.024,23.39,NORMAL,0
drone_5,34.0572,-118.2387,100.0,10.0,75.0,500,0.099,25.0,REPLAY_ATTACK,1
drone_2,34.061049,-118.224805,258.53,19.73,99.87,181,0.076,0.13,NORMAL,0
drone_1,34.032502,-118.255393,99.09,17.04,72.01,1042,0.1702,27.99,NORMAL,0
drone_2,34.396231,-118.055581,342.05,130.25,89.88,1579,0.3797,10.12,GPS_SPOOFING,1
drone_9,34.043637,-118.227812,142.12,13.81,91.46,49,0.0965,8.54,NORMAL,0
drone_4,34.038496,-118.253067,115.71,23.95,81.6,942,0.2052,18.4,NORMAL,0
drone_5,34.057654,-118.250287,7.24,1.67,14.61,1885,0.2027,85.39,JAMMING,1
drone_9,34.03666,-118.234369,172.89,14.78,91.25,195,0.085,8.75,NORMAL,0
drone_6,34.035046,-118.240366,125.85,15.8,63.16,935,0.1246,36.84,NORMAL,0
drone_1,34.056759,-118.241264,266.55,8.44,98.49,190,0.0315,1.51,NORMAL,0
drone_5,34.035392,-118.253189,171.81,21.78,94.15,22,0.126,5.85,NORMAL,0
drone_2,34.045105,-118.233396,201.32,6.11,86.66,906,0.0302,13.34,NORMAL,0
drone_9,34.067468,-118.249996,280.18,10.45,65.55,1385,0.0372,34.45,NORMAL,0
drone_2,34.054696,-118.245805,13.8,1.82,2.56,1920,0.123,97.44,JAMMING,1
drone_8,34.541271,-117.973969,285.31,97.77,50.32,1722,0.3415,49.68,GPS_SPOOFING,1
drone_4,34.034526,-118.261488,278.1,11.42,95.35,1010,0.0409,4.65,NORMAL,0
drone_6,34.032426,-118.229161,55.1,21.08,76.65,1092,0.3758,23.35,NORMAL,0
drone_8,34.052548,-118.250877,201.47,11.53,79.34,335,0.0569,20.66,NORMAL,0
drone_5,34.049173,-118.237632,217.23,13.99,99.51,926,0.0641,0.49,NORMAL,0
drone_1,34.0572,-118.2387,100.0,10.0,75.0,500,0.099,25.0,REPLAY_ATTACK,1
drone_7,34.06226,-118.230937,71.7,15.13,69.68,973,0.2081,30.32,NORMAL,0
drone_9,34.056285,-118.253541,174.83,10.66,62.24,1430,0.0606,37.76,NORMAL,0
drone_8,34.054041,-118.26101,124.17,9.73,83.03,1047,0.0777,16.97,NORMAL,0
drone_10,34.03397,-118.260465,252.69,16.1,62.21,717,0.0635,37.79,NORMAL,0
drone_9,34.063573,-118.225567,148.47,19.62,64.04,878,0.1313,35.96,NORMAL,0
drone_4,34.040537,-118.227705,154.05,8.01,82.84,1478,0.0517,17.16,NORMAL,0
drone_6,34.0572,-118.2387,100.0,10.0,75.0,500,0.099,25.0,REPLAY_ATTACK,1
drone_7,34.064034,-118.251792,179.11,19.67,73.81,998,0.1092,26.19,NORMAL,0
drone_7,34.041588,-118.228411,136.39,9.87,93.89,365,0.0718,6.11,NORMAL,0
drone_5,34.042799,-118.231963,87.31,19.92,76.82,901,0.2256,23.18,NORMAL,0
drone_7,34.052442,-118.250674,2.89,1.81,1.18,1929,0.4653,98.82,JAMMING,1
drone_3,34.053477,-118.251537,216.73,10.11,80.99,220,0.0464,19.01,NORMAL,0
drone_4,34.051116,-118.251904,294.49,19.83,69.54,719,0.0671,30.46,NORMAL,0
drone_2,34.046074,-118.250351,182.64,19.19,88.62,199,0.1045,11.38,NORMAL,0
drone_9,34.0572,-118.2387,100.0,10.0,75.0,500,0.099,25.0,REPLAY_ATTACK,1
drone_7,34.07217,-118.263238,153.63,10.71,66.77,909,0.0693,33.23,NORMAL,0
drone_3,34.068165,-118.256509,53.2,18.14,81.8,1162,0.3347,18.2,NORMAL,0
drone_1,34.048788,-118.259573,286.37,20.02,92.47,316,0.0697,7.53,NORMAL,0
drone_8,34.058266,-118.241027,135.39,9.16,88.83,794,0.0672,11.17,NORMAL,0
drone_8,34.041055,-118.248178,118.33,32.4,47.88,88836,0.2715,52.12,DOS,1
drone_3,34.068669,-118.234133,270.89,7.43,98.83,810,0.0273,1.17,NORMAL,0
drone_8,34.065782,-118.236432,204.49,19.68,71.23,728,0.0958,28.77,NORMAL,0
drone_6,34.059111,-118.233993,56.4,17.91,88.27,1143,0.312,11.73,NORMAL,0
drone_5,34.057257,-118.256358,90.11,12.91,66.54,31,0.1417,33.46,NORMAL,0
drone_5,34.066312,-118.236768,122.49,21.81,68.75,536,0.1766,31.25,NORMAL,0
drone_1,34.468503,-118.134761,111.8,114.22,48.54,1686,1.0126,51.46,GPS_SPOOFING,1
drone_5,34.0572,-118.2387,100.0,10.0,75.0,500,0.099,25.0,REPLAY_ATTACK,1
drone_10,34.041906,-118.239243,286.28,19.74,76.15,759,0.0687,23.85,NORMAL,0
drone_8,34.039315,-118.233211,190.62,37.33,60.7,27810,0.1948,39.3,DOS,1
drone_10,34.033414,-118.241292,218.79,23.01,84.54,272,0.1047,15.46,NORMAL,0
drone_9,34.033721,-118.25631,255.71,14.47,60.66,727,0.0564,39.34,NORMAL,0
drone_7,34.052011,-118.228504,143.73,6.92,66.8,872,0.0478,33.2,NORMAL,0
drone_4,34.055298,-118.229035,54.37,23.08,71.54,830,0.4168,28.46,NORMAL,0
drone_7,34.0572,-118.2387,100.0,10.0,75.0,500,0.099,25.0,REPLAY_ATTACK,1
drone_8,34.047872,-118.257724,198.96,13.64,62.47,149,0.0682,37.53,NORMAL,0
drone_10,34.303836,-117.991047,255.52,134.14,87.0,1702,0.5229,13.0,GPS_SPOOFING,1
drone_6,34.041131,-118.224043,258.19,19.48,97.87,48,0.0752,2.13,NORMAL,0
drone_9,34.058684,-118.245056,12.25,1.12,11.5,1983,0.0845,88.5,JAMMING,1
drone_6,34.032436,-118.226047,109.7,20.5,71.93,239,0.1852,28.07,NORMAL,0
drone_8,34.065113,-118.249773,73.23,5.48,75.25,419,0.0738,24.75,NORMAL,0
drone_10,34.041872,-118.254795,151.1,39.38,29.49,69523,0.2589,70.51,DOS,1
drone_2,34.061196,-118.252031,292.71,13.53,65.87,10,0.0461,34.13,NORMAL,0
drone_2,34.050521,-118.256856,256.49,6.24,90.01,1277,0.0242,9.99,NORMAL,0
drone_7,34.062025,-118.241031,282.58,8.07,63.4,416,0.0285,36.6,NORMAL,0
drone_2,34.065303,-118.251807,109.21,57.3,42.74,67176,0.5199,57.26,DOS,1
drone_1,34.535682,-117.792777,354.93,147.85,59.05,1594,0.4154,40.95,GPS_SPOOFING,1
drone_8,34.053444,-118.243658,215.36,17.79,72.52,938,0.0822,27.48,NORMAL,0
drone_6,34.070811,-118.251956,86.05,17.2,76.29,1045,0.1976,23.71,NORMAL,0
drone_1,34.04177,-118.231539,145.91,22.9,86.33,1474,0.1559,13.67,NORMAL,0
drone_10,34.054542,-118.263304,53.74,34.11,68.28,58359,0.6231,31.72,DOS,1
drone_2,34.057317,-118.240264,80.08,10.07,87.78,489,0.1242,12.22,NORMAL,0
drone_1,34.060839,-118.234906,6.59,1.65,4.32,1752,0.2174,95.68,JAMMING,1
drone_9,34.053658,-118.243672,202.34,10.14,78.06,884,0.0499,21.94,NORMAL,0
drone_7,34.037376,-118.247476,222.53,12.73,97.74,1433,0.0569,2.26,NORMAL,0
drone_7,34.061076,-118.260489,148.73,15.18,92.76,721,0.1014,7.24,NORMAL,0
drone_10,34.042025,-118.262888,85.54,8.38,72.68,487,0.0968,27.32,NORMAL,0
drone_3,34.0609,-118.23998,12.96,0.58,4.75,1949,0.0415,95.25,JAMMING,1
drone_2,34.071883,-118.226989,72.78,40.7,32.37,20070,0.5516,67.63,DOS,1
drone_5,34.056086,-118.229992,192.92,21.71,80.57,1402,0.112,19.43,NORMAL,0
drone_1,34.034503,-118.23978,65.89,20.95,96.04,152,0.3132,3.96,NORMAL,0
drone_4,34.054551,-118.256679,218.04,20.03,61.68,431,0.0914,38.32,NORMAL,0
drone_10,34.067341,-118.252003,157.65,19.15,66.3,629,0.1207,33.7,NORMAL,0
drone_5,34.502722,-118.038959,295.58,96.57,79.25,1720,0.3256,20.75,GPS_SPOOFING,1
drone_1,34.050882,-118.253641,14.56,0.19,10.38,1965,0.0122,89.62,JAMMING,1
drone_7,34.039232,-118.260558,254.26,5.08,70.19,1107,0.0199,29.81,NORMAL,0
drone_4,34.061225,-118.239468,10.17,1.34,3.0,1863,0.12,97.0,JAMMING,1
drone_5,34.0572,-118.2387,100.0,10.0,75.0,500,0.099,25.0,REPLAY_ATTACK,1
drone_5,34.071603,-118.237752,101.89,30.96,69.51,76331,0.3009,30.49,DOS,1
drone_6,34.069305,-118.242624,298.36,9.74,64.83,1396,0.0325,35.17,NORMAL,0
drone_3,34.068688,-118.233839,284.0,14.14,98.96,271,0.0496,1.04,NORMAL,0
drone_9,34.032758,-118.233142,235.91,12.38,78.38,1257,0.0523,21.62,NORMAL,0
drone_6,34.039523,-118.255991,117.89,22.31,90.32,411,0.1877,9.68,NORMAL,0
drone_6,34.064504,-118.236992,216.65,19.96,94.31,1018,0.0917,5.69,NORMAL,0
drone_10,34.049099,-118.235589,261.38,20.61,65.46,1066,0.0786,34.54,NORMAL,0
drone_9,34.043848,-118.245792,0.62,0.53,12.75,1969,0.3272,87.25,JAMMING,1
drone_4,34.069535,-118.23063,79.09,19.02,98.46,377,0.2375,1.54,NORMAL,0
drone_6,34.065148,-118.241536,220.46,8.19,70.71,729,0.037,29.29,NORMAL,0
drone_8,34.041971,-118.242688,188.89,22.83,67.33,1051,0.1202,32.67,NORMAL,0
drone_9,34.0572,-118.2387,100.0,10.0,75.0,500,0.099,25.0,REPLAY_ATTACK,1
drone_6,34.044598,-118.23077,297.62,12.14,62.75,1359,0.0407,37.25,NORMAL,0
drone_4,34.180674,-118.13896,316.35,89.71,88.74,1505,0.2827,11.26,GPS_SPOOFING,1
drone_8,34.061067,-118.238539,271.84,9.56,86.98,983,0.035,13.02,NORMAL,0
drone_6,34.312662,-117.871631,251.83,90.0,81.75,1555,0.356,18.25,GPS_SPOOFING,1
drone_9,34.507746,-117.872189,108.3,128.69,77.91,1700,1.1774,22.09,GPS_SPOOFING,1
drone_5,34.045697,-118.255605,126.96,7.34,98.24,691,0.0574,1.76,NORMAL,0
drone_9,34.047903,-118.253001,135.13,6.58,91.64,573,0.0483,8.36,NORMAL,0
drone_4,34.0572,-118.2387,100.0,10.0,75.0,500,0.099,25.0,REPLAY_ATTACK,1
drone_7,34.056845,-118.25844,293.8,15.83,78.74,595,0.0537,21.26,NORMAL,0
drone_2,34.059211,-118.245168,13.22,0.98,1.16,1955,0.0689,98.84,JAMMING,1
drone_9,34.062618,-118.247486,129.94,7.43,69.58,512,0.0567,30.42,NORMAL,0
drone_3,34.068036,-118.239652,155.22,14.21,88.25,142,0.091,11.75,NORMAL,0
drone_9,34.056505,-118.239564,11.01,1.96,1.66,1912,0.1632,98.34,JAMMING,1
drone_3,34.0572,-118.2387,100.0,10.0,75.0,500,0.099,25.0,REPLAY_ATTACK,1
drone_7,34.044918,-118.237216,11.45,1.51,7.51,1778,0.1213,92.49,JAMMING,1
drone_1,34.0572,-118.2387,100.0,10.0,75.0,500,0.099,25.0,REPLAY_ATTACK,1
drone_6,34.038135,-118.257168,240.59,12.8,82.6,827,0.053,17.4,NORMAL,0
drone_8,34.03296,-118.240963,245.21,22.43,84.32,954,0.0911,15.68,NORMAL,0
drone_10,34.052407,-118.239832,295.96,14.85,83.83,56,0.05,16.17,NORMAL,0
drone_4,34.072034,-118.247245,184.44,9.07,75.26,385,0.0489,24.74,NORMAL,0
drone_10,34.041449,-118.250985,223.04,24.62,74.13,1399,0.1099,25.87,NORMAL,0
drone_9,34.061996,-118.252392,167.85,14.83,70.15,896,0.0878,29.85,NORMAL,0
drone_4,34.067836,-118.249726,166.9,32.78,41.1,36525,0.1952,58.9,DOS,1
drone_1,34.068902,-118.255591,296.95,20.77,87.96,960,0.0697,12.04,NORMAL,0
drone_9,34.06178,-118.244379,8.13,1.83,14.37,1768,0.2004,85.63,JAMMING,1
drone_4,34.069148,-118.228702,127.73,20.89,76.38,732,0.1623,23.62,NORMAL,0
drone_10,34.054256,-118.235157,191.84,59.65,32.21,49590,0.3093,67.79,DOS,1
drone_9,34.036308,-118.251734,188.95,59.98,38.99,32846,0.3158,61.01,DOS,1
drone_9,34.392636,-118.070099,159.51,143.46,71.56,1716,0.8938,28.44,GPS_SPOOFING,1
drone_10,34.053556,-118.240548,9.8,1.85,3.93,1808,0.1713,96.07,JAMMING,1
drone_3,34.033315,-118.255074,213.82,12.14,77.73,1255,0.0565,22.27,NORMAL,0
drone_7,34.04849,-118.236867,239.81,12.06,77.33,522,0.0501,22.67,NORMAL,0
drone_4,34.049367,-118.254836,190.18,15.69,62.55,1235,0.0821,37.45,NORMAL,0
drone_10,34.432919,-117.758891,389.68,159.56,53.61,1557,0.4084,46.39,GPS_SPOOFING,1
drone_6,34.066803,-118.24698,140.36,40.57,26.45,32498,0.287,73.55,DOS,1
drone_2,34.064019,-118.238161,230.65,20.74,75.86,34,0.0895,24.14,NORMAL,0
drone_3,34.066178,-118.245435,228.5,14.96,88.44,269,0.0652,11.56,NORMAL,0
drone_1,34.061578,-118.240568,231.93,16.75,80.18,978,0.0719,19.82,NORMAL,0
drone_7,34.05232,-118.251146,11.48,1.07,14.65,1796,0.0857,85.35,JAMMING,1
drone_2,34.041875,-118.240315,75.88,18.62,96.46,722,0.2422,3.54,NORMAL,0
drone_10,34.04653,-118.239071,172.5,57.63,64.67,34508,0.3322,35.33,DOS,1
drone_8,34.045239,-118.247668,7.97,0.42,1.87,1821,0.0468,98.13,JAMMING,1
drone_5,34.055928,-118.251206,227.88,5.49,83.82,201,0.024,16.18,NORMAL,0
drone_1,34.401051,-117.897634,379.21,87.12,72.19,1675,0.2291,27.81,GPS_SPOOFING,1
drone_8,34.041393,-118.245542,166.45,55.6,25.75,21887,0.332,74.25,DOS,1
drone_5,34.055637,-118.245267,69.96,48.63,41.68,36954,0.6853,58.32,DOS,1
drone_9,34.05214,-118.241135,186.44,5.24,63.97,756,0.028,36.03,NORMAL,0
drone_3,34.035019,-118.257663,203.94,15.25,77.59,868,0.0744,22.41,NORMAL,0
drone_4,34.03719,-118.249926,240.5,17.34,64.56,430,0.0718,35.44,NORMAL,0
drone_8,34.043305,-118.244869,7.17,0.11,5.97,1779,0.0135,94.03,JAMMING,1
drone_5,34.0572,-118.2387,100.0,10.0,75.0,500,0.099,25.0,REPLAY_ATTACK,1
drone_5,34.056197,-118.231086,102.92,40.27,31.33,64151,0.3875,68.67,DOS,1
drone_1,34.0572,-118.2387,100.0,10.0,75.0,500,0.099,25.0,REPLAY_ATTACK,1
drone_1,34.064565,-118.255732,230.28,6.2,76.44,614,0.0268,23.56,NORMAL,0
drone_7,34.066661,-118.261411,77.25,5.26,64.53,244,0.0672,35.47,NORMAL,0
drone_10,34.042412,-118.236254,12.31,1.95,7.65,1789,0.1465,92.35,JAMMING,1
drone_4,34.0572,-118.2387,100.0,10.0,75.0,500,0.099,25.0,REPLAY_ATTACK,1
drone_2,34.053842,-118.260712,89.5,17.92,98.12,38,0.198,1.88,NORMAL,0
drone_10,34.060509,-118.224851,171.36,17.46,84.95,628,0.1013,15.05,NORMAL,0
drone_3,34.042909,-118.258774,261.92,22.11,85.1,110,0.0841,14.9,NORMAL,0
drone_5,34.286346,-117.945972,130.17,152.39,43.75,1600,1.1618,56.25,GPS_SPOOFING,1
drone_2,34.051917,-118.230507,95.35,47.08,39.67,83615,0.4886,60.33,DOS,1
drone_4,34.253811,-117.886058,215.18,95.25,52.51,1511,0.4406,47.49,GPS_SPOOFING,1
drone_10,34.051792,-118.260768,102.4,18.91,81.33,599,0.1829,18.67,NORMAL,0
drone_9,34.054906,-118.241034,193.97,39.4,22.05,86900,0.2021,77.95,DOS,1
drone_10,34.07104,-118.23928,133.62,23.77,70.44,1167,0.1766,29.56,NORMAL,0
drone_8,34.0572,-118.2387,100.0,10.0,75.0,500,0.099,25.0,REPLAY_ATTACK,1
drone_7,34.310263,-118.057137,195.95,131.16,55.86,1517,0.666,44.14,GPS_SPOOFING,1
drone_8,34.067696,-118.253518,55.19,50.81,42.38,29385,0.9043,57.62,DOS,1
drone_10,34.071078,-118.2271,180.45,20.76,92.59,526,0.1144,7.41,NORMAL,0
drone_9,34.512494,-118.004969,236.09,133.88,41.86,1632,0.5647,58.14,GPS_SPOOFING,1
drone_7,34.067558,-118.225598,242.7,22.21,77.71,952,0.0911,22.29,NORMAL,0
drone_7,34.0572,-118.2387,100.0,10.0,75.0,500,0.099,25.0,REPLAY_ATTACK,1
drone_7,34.04449,-118.239837,193.03,58.16,48.97,61035,0.2997,51.03,DOS,1
drone_10,34.0572,-118.2387,100.0,10.0,75.0,500,0.099,25.0,REPLAY_ATTACK,1
drone_6,34.0572,-118.2387,100.0,10.0,75.0,500,0.099,25.0,REPLAY_ATTACK,1
drone_1,34.066177,-118.223836,72.67,16.5,74.42,958,0.224,25.58,NORMAL,0
drone_3,34.061153,-118.246945,226.83,11.34,76.18,777,0.0498,23.82,NORMAL,0
drone_7,34.045993,-118.245553,77.9,7.84,65.63,513,0.0994,34.37,NORMAL,0
drone_10,34.337258,-117.90341,237.45,89.32,71.75,1538,0.3746,28.25,GPS_SPOOFING,1
drone_1,34.064142,-118.252117,211.14,19.1,91.42,913,0.09,8.58,NORMAL,0
drone_6,34.041007,-118.248126,295.83,11.38,69.64,720,0.0383,30.36,NORMAL,0
drone_8,34.394905,-117.747218,248.68,100.0,58.61,1603,0.4005,41.39,GPS_SPOOFING,1
drone_10,34.070761,-118.229642,239.45,21.55,61.37,73,0.0896,38.63,NORMAL,0
drone_3,34.29326,-118.046942,145.2,93.04,84.66,1688,0.6364,15.34,GPS_SPOOFING,1
drone_7,34.0572,-118.2387,100.0,10.0,75.0,500,0.099,25.0,REPLAY_ATTACK,1
drone_5,34.050794,-118.240214,12.47,1.27,9.57,1973,0.0943,90.43,JAMMING,1
drone_5,34.067048,-118.253529,95.87,16.09,63.3,796,0.1661,36.7,NORMAL,0
drone_1,34.062371,-118.26078,68.08,23.6,82.01,601,0.3416,17.99,NORMAL,0
drone_3,34.067887,-118.260892,119.41,22.94,65.93,1128,0.1905,34.07,NORMAL,0
drone_10,34.352381,-118.011335,169.56,101.36,72.96,1596,0.5943,27.04,GPS_SPOOFING,1
drone_8,34.057915,-118.226604,124.86,8.06,64.3,921,0.064,35.7,NORMAL,0
drone_3,34.049717,-118.242086,7.33,0.69,12.68,1757,0.0828,87.32,JAMMING,1
drone_10,34.061754,-118.235981,0.68,0.88,10.24,1993,0.5238,89.76,JAMMING,1
drone_1,34.0572,-118.2387,100.0,10.0,75.0,500,0.099,25.0,REPLAY_ATTACK,1
drone_6,34.069639,-118.261948,228.47,21.81,91.64,157,0.095,8.36,NORMAL,0
drone_3,34.047999,-118.227615,70.78,10.34,77.23,532,0.1441,22.77,NORMAL,0
drone_8,34.0572,-118.2387,100.0,10.0,75.0,500,0.099,25.0,REPLAY_ATTACK,1
drone_9,34.041788,-118.257097,85.97,6.36,62.5,911,0.0731,37.5,NORMAL,0
drone_10,34.065348,-118.230298,292.45,11.78,98.09,1272,0.0401,1.91,NORMAL,0
drone_10,34.199366,-117.774966,192.52,89.47,65.86,1639,0.4623,34.14,GPS_SPOOFING,1
drone_7,34.063836,-118.226536,69.37,24.54,61.24,26,0.3487,38.76,NORMAL,0
drone_4,34.036207,-118.235645,85.0,10.39,73.73,1058,0.1208,26.27,NORMAL,0
drone_5,34.195676,-117.924845,392.42,100.35,85.32,1657,0.2551,14.68,GPS_SPOOFING,1
drone_8,34.064545,-118.253225,83.28,8.35,64.2,71,0.0991,35.8,NORMAL,0
drone_6,34.060083,-118.239153,5.02,1.46,2.3,1989,0.2425,97.7,JAMMING,1
drone_9,34.042391,-118.242549,13.02,1.32,5.14,1939,0.0942,94.86,JAMMING,1
drone_10,34.062753,-118.225066,100.61,5.41,71.62,1227,0.0532,28.38,NORMAL,0
drone_9,34.0572,-118.2387,100.0,10.0,75.0,500,0.099,25.0,REPLAY_ATTACK,1
drone_8,34.0572,-118.2387,100.0,10.0,75.0,500,0.099,25.0,REPLAY_ATTACK,1
drone_8,34.225635,-117.846332,106.94,102.39,62.24,1645,0.9486,37.76,GPS_SPOOFING,1
drone_5,34.044522,-118.25032,6.44,1.64,2.92,1773,0.2204,97.08,JAMMING,1
drone_9,34.069034,-118.252945,126.29,22.43,84.04,1237,0.1762,15.96,NORMAL,0
drone_3,34.0572,-118.2387,100.0,10.0,75.0,500,0.099,25.0,REPLAY_ATTACK,1
drone_5,34.065235,-118.261481,216.28,18.05,67.04,643,0.0831,32.96,NORMAL,0
drone_2,34.044663,-118.233877,282.44,14.26,69.87,943,0.0503,30.13,NORMAL,0
drone_9,34.055238,-118.245907,291.4,7.9,73.87,1290,0.027,26.13,NORMAL,0
drone_4,34.037715,-118.241921,165.01,21.33,73.01,1072,0.1285,26.99,NORMAL,0
drone_4,34.056468,-118.229647,243.74,10.37,66.63,802,0.0424,33.37,NORMAL,0
drone_10,34.039712,-118.24272,249.47,19.94,83.03,176,0.0796,16.97,NORMAL,0
drone_4,34.050069,-118.227337,247.58,23.49,83.05,1284,0.0945,16.95,NORMAL,0
drone_7,34.059603,-118.254032,181.03,12.92,91.23,712,0.071,8.77,NORMAL,0
drone_7,34.067191,-118.257813,216.02,15.73,63.91,969,0.0725,36.09,NORMAL,0
drone_8,34.036976,-118.225136,144.05,20.58,70.04,977,0.1419,29.96,NORMAL,0
drone_10,34.066724,-118.238893,215.06,6.26,78.13,62,0.029,21.87,NORMAL,0
drone_10,34.052325,-118.251443,3.39,1.78,7.78,1807,0.4055,92.22,JAMMING,1
drone_1,34.034702,-118.258227,169.67,23.36,73.68,1496,0.1369,26.32,NORMAL,0
drone_9,34.0572,-118.2387,100.0,10.0,75.0,500,0.099,25.0,REPLAY_ATTACK,1
drone_2,34.323396,-117.849443,298.4,144.53,40.9,1502,0.4827,59.1,GPS_SPOOFING,1
drone_2,34.060976,-118.262426,197.88,42.83,44.2,79316,0.2154,55.8,DOS,1
drone_6,34.061908,-118.232604,194.18,35.19,64.13,25810,0.1803,35.87,DOS,1
drone_5,34.064874,-118.238402,175.55,21.93,66.4,965,0.1242,33.6,NORMAL,0
drone_1,34.066048,-118.239639,72.08,14.54,85.39,281,0.199,14.61,NORMAL,0
drone_5,34.047362,-118.243548,103.75,55.86,43.28,57860,0.5333,56.72,DOS,1
drone_9,34.0572,-118.2387,100.0,10.0,75.0,500,0.099,25.0,REPLAY_ATTACK,1
drone_2,34.039342,-118.255952,230.9,7.23,79.92,764,0.0312,20.08,NORMAL,0
drone_9,34.033063,-118.25066,231.53,24.7,68.75,917,0.1062,31.25,NORMAL,0
drone_10,34.038002,-118.254265,147.93,11.0,78.3,1342,0.0739,21.7,NORMAL,0
drone_5,34.0572,-118.2387,100.0,10.0,75.0,500,0.099,25.0,REPLAY_ATTACK,1
drone_9,34.066228,-118.26019,71.75,23.92,73.92,505,0.3288,26.08,NORMAL,0
drone_8,34.043738,-118.262759,116.73,22.19,61.95,1204,0.1885,38.05,NORMAL,0
drone_1,34.067266,-118.247171,104.47,5.6,93.17,384,0.0531,6.83,NORMAL,0
drone_9,34.070353,-118.229991,115.81,5.3,88.79,527,0.0454,11.21,NORMAL,0
drone_8,34.060125,-118.244813,5.82,0.44,14.29,1887,0.0645,85.71,JAMMING,1
drone_8,34.0572,-118.2387,100.0,10.0,75.0,500,0.099,25.0,REPLAY_ATTACK,1
drone_8,34.032311,-118.250825,162.89,10.12,83.47,785,0.0617,16.53,NORMAL,0
drone_4,34.040329,-118.229403,292.98,6.53,87.29,545,0.0222,12.71,NORMAL,0
drone_5,34.062196,-118.244644,12.02,0.91,5.78,1932,0.0699,94.22,JAMMING,1
drone_6,34.042316,-118.238413,180.44,48.86,67.02,70799,0.2693,32.98,DOS,1
drone_2,34.058582,-118.234591,55.02,7.97,82.62,671,0.1423,17.38,NORMAL,0
drone_9,34.033646,-118.225678,60.89,11.83,70.27,240,0.1911,29.73,NORMAL,0
drone_6,34.0572,-118.2387,100.0,10.0,75.0,500,0.099,25.0,REPLAY_ATTACK,1
drone_10,34.03483,-118.261647,248.45,15.48,86.64,769,0.0621,13.36,NORMAL,0
drone_8,34.044726,-118.250497,59.09,18.61,69.78,179,0.3097,30.22,NORMAL,0
drone_4,34.039889,-118.239158,132.98,44.69,28.85,17906,0.3336,71.15,DOS,1
drone_8,34.03826,-118.262419,98.16,10.66,65.14,1153,0.1075,34.86,NORMAL,0
drone_4,34.0572,-118.2387,100.0,10.0,75.0,500,0.099,25.0,REPLAY_ATTACK,1
drone_1,34.063233,-118.26166,274.63,11.4,68.3,425,0.0414,31.7,NORMAL,0
drone_2,34.0572,-118.2387,100.0,10.0,75.0,500,0.099,25.0,REPLAY_ATTACK,1
drone_1,34.043117,-118.251946,3.72,1.14,1.63,1785,0.2415,98.37,JAMMING,1
drone_8,34.471564,-117.822545,335.4,124.91,87.43,1582,0.3713,12.57,GPS_SPOOFING,1
drone_1,34.039812,-118.224402,83.91,12.34,61.46,376,0.1453,38.54,NORMAL,0
drone_9,34.059353,-118.253875,169.76,15.67,64.26,1075,0.0918,35.74,NORMAL,0
drone_10,34.059615,-118.258756,87.19,11.52,92.8,572,0.1306,7.2,NORMAL,0
drone_9,34.033257,-118.228923,189.15,6.89,95.5,817,0.0362,4.5,NORMAL,0
drone_7,34.049794,-118.228121,233.44,14.05,68.46,1313,0.0599,31.54,NORMAL,0
drone_10,34.0572,-118.2387,100.0,10.0,75.0,500,0.099,25.0,REPLAY_ATTACK,1
drone_6,34.0572,-118.2387,100.0,10.0,75.0,500,0.099,25.0,REPLAY_ATTACK,1
drone_1,34.044864,-118.228511,151.9,13.98,99.14,1495,0.0914,0.86,NORMAL,0
drone_3,34.060153,-118.229296,279.91,5.08,99.14,1006,0.0181,0.86,NORMAL,0
drone_2,34.035815,-118.239211,167.18,18.09,70.15,1344,0.1076,29.85,NORMAL,0
drone_6,34.055596,-118.225694,248.36,13.47,98.57,32,0.054,1.43,NORMAL,0
drone_4,34.521434,-117.976538,294.96,89.55,79.63,1715,0.3026,20.37,GPS_SPOOFING,1
drone_4,34.040044,-118.248696,275.31,23.84,65.35,1209,0.0863,34.65,NORMAL,0
drone_9,34.050501,-118.226039,192.05,16.78,61.24,127,0.0869,38.76,NORMAL,0
drone_10,34.054021,-118.231402,135.44,21.22,70.15,1137,0.1555,29.85,NORMAL,0
drone_3,34.066556,-118.250695,74.44,23.72,74.91,780,0.3144,25.09,NORMAL,0
drone_10,34.069768,-118.24026,299.7,20.6,61.06,409,0.0685,38.94,NORMAL,0
drone_10,34.04746,-118.248111,265.22,15.55,67.56,307,0.0584,32.44,NORMAL,0
drone_2,34.05246,-118.223982,295.9,8.84,84.86,716,0.0298,15.14,NORMAL,0
drone_2,34.0572,-118.2387,100.0,10.0,75.0,500,0.099,25.0,REPLAY_ATTACK,1
drone_6,34.06328,-118.251797,294.86,23.26,70.17,1389,0.0786,29.83,NORMAL,0
drone_3,34.05342,-118.240148,11.77,0.81,2.84,1766,0.0634,97.16,JAMMING,1
drone_7,34.046548,-118.235026,241.0,10.69,80.17,1196,0.0442,19.83,NORMAL,0
drone_3,34.063876,-118.25715,287.5,23.37,82.48,479,0.081,17.52,NORMAL,0
drone_8,34.03714,-118.252891,108.58,5.78,96.84,1022,0.0527,3.16,NORMAL,0
drone_1,34.28876,-117.837874,187.79,157.92,74.41,1558,0.8365,25.59,GPS_SPOOFING,1
drone_7,34.0572,-118.2387,100.0,10.0,75.0,500,0.099,25.0,REPLAY_ATTACK,1
drone_8,34.0572,-118.2387,100.0,10.0,75.0,500,0.099,25.0,REPLAY_ATTACK,1
drone_9,34.0572,-118.2387,100.0,10.0,75.0,500,0.099,25.0,REPLAY_ATTACK,1
drone_10,34.054039,-118.241327,56.69,5.66,80.24,318,0.0981,19.76,NORMAL,0
drone_3,34.068622,-118.255889,254.49,18.08,66.72,880,0.0708,33.28,NORMAL,0
drone_4,34.042831,-118.233212,107.5,15.78,66.98,587,0.1454,33.02,NORMAL,0
drone_4,34.033082,-118.249197,286.0,18.52,74.46,1431,0.0645,25.54,NORMAL,0
drone_2,34.063355,-118.24226,104.89,19.77,71.89,839,0.1867,28.11,NORMAL,0
drone_4,34.427316,-117.895528,235.88,152.38,83.99,1524,0.6433,16.01,GPS_SPOOFING,1
drone_10,34.04449,-118.230808,283.75,5.22,68.8,804,0.0183,31.2,NORMAL,0
drone_4,34.057152,-118.247379,164.87,41.51,29.66,84623,0.2503,70.34,DOS,1
drone_5,34.0497,-118.249071,249.35,13.9,97.39,1484,0.0555,2.61,NORMAL,0
drone_4,34.03379,-118.25681,187.13,46.36,37.14,55653,0.2464,62.86,DOS,1
drone_1,34.0572,-118.2387,100.0,10.0,75.0,500,0.099,25.0,REPLAY_ATTACK,1
drone_10,34.0442,-118.241278,250.3,16.9,60.32,304,0.0673,39.68,NORMAL,0
drone_6,34.049466,-118.238523,5.22,1.69,4.26,1889,0.2717,95.74,JAMMING,1
drone_9,34.033707,-118.231694,174.22,11.87,76.24,1129,0.0677,23.76,NORMAL,0
drone_5,34.366153,-117.907661,171.62,152.91,78.41,1687,0.8858,21.59,GPS_SPOOFING,1
drone_9,34.486892,-118.134877,237.61,118.4,52.38,1650,0.4962,47.62,GPS_SPOOFING,1
drone_10,34.035574,-118.228028,294.49,21.97,96.76,432,0.0744,3.24,NORMAL,0
drone_8,34.0572,-118.2387,100.0,10.0,75.0,500,0.099,25.0,REPLAY_ATTACK,1
drone_8,34.040231,-118.234972,156.46,5.73,94.01,95,0.0364,5.99,NORMAL,0
drone_4,34.067814,-118.233937,191.16,46.75,39.02,75209,0.2433,60.98,DOS,1
drone_6,34.063434,-118.244057,104.31,47.11,68.3,66508,0.4473,31.7,DOS,1
drone_9,34.053939,-118.242174,59.77,5.07,88.51,1100,0.0834,11.49,NORMAL,0
drone_7,34.071273,-118.239415,246.05,17.73,74.37,75,0.0718,25.63,NORMAL,0
drone_7,34.038904,-118.247134,154.02,53.71,50.43,54753,0.3465,49.57,DOS,1
drone_7,34.070494,-118.259831,66.24,12.41,97.62,47,0.1846,2.38,NORMAL,0
drone_8,34.036975,-118.260182,186.81,12.87,79.7,1124,0.0685,20.3,NORMAL,0
drone_9,34.045116,-118.238523,8.43,0.21,13.81,1806,0.0223,86.19,JAMMING,1
drone_5,34.064607,-118.236362,114.18,5.5,93.15,1217,0.0478,6.85,NORMAL,0
drone_8,34.037918,-118.242213,73.3,22.56,62.82,836,0.3036,37.18,NORMAL,0
drone_2,34.05289,-118.243466,99.15,15.11,62.89,825,0.1509,37.11,NORMAL,0
drone_1,34.059784,-118.2467,279.49,14.27,97.99,1116,0.0509,2.01,NORMAL,0
drone_8,34.034271,-118.23407,183.02,11.9,63.21,1405,0.0647,36.79,NORMAL,0
drone_2,34.06915,-118.252872,130.91,23.29,90.39,295,0.1766,9.61,NORMAL,0
drone_1,34.043192,-118.236728,153.63,47.66,40.42,57934,0.3082,59.58,DOS,1
drone_3,34.069787,-118.263535,139.3,12.61,70.48,1475,0.0899,29.52,NORMAL,0
drone_5,34.0572,-118.2387,100.0,10.0,75.0,500,0.099,25.0,REPLAY_ATTACK,1
drone_6,34.062328,-118.24186,161.77,17.71,68.02,226,0.1088,31.98,NORMAL,0
drone_2,34.035957,-118.249999,194.69,52.09,34.8,38669,0.2662,65.2,DOS,1
drone_4,34.052326,-118.263095,169.91,7.6,60.29,25,0.0445,39.71,NORMAL,0
drone_2,34.065797,-118.261512,273.11,19.84,81.56,890,0.0724,18.44,NORMAL,0
drone_8,34.051235,-118.236506,10.95,0.81,12.3,1853,0.0678,87.7,JAMMING,1
drone_10,34.063757,-118.225224,70.53,47.89,43.46,54614,0.6695,56.54,DOS,1
drone_7,34.057111,-118.235937,273.81,6.1,92.26,470,0.0222,7.74,NORMAL,0
drone_7,34.033207,-118.248797,168.37,6.46,89.01,1312,0.0381,10.99,NORMAL,0
drone_1,34.037974,-118.231477,212.13,15.75,84.97,1411,0.0739,15.03,NORMAL,0
drone_3,34.0572,-118.2387,100.0,10.0,75.0,500,0.099,25.0,REPLAY_ATTACK,1
drone_1,34.053738,-118.223916,142.19,41.98,56.65,72634,0.2932,43.35,DOS,1
drone_2,34.054322,-118.224905,173.06,22.76,91.26,20,0.1308,8.74,NORMAL,0
drone_9,34.300969,-117.76802,223.97,81.32,54.04,1551,0.3615,45.96,GPS_SPOOFING,1
drone_6,34.040184,-118.255305,283.86,7.43,84.04,217,0.0261,15.96,NORMAL,0
drone_5,34.055268,-118.247353,100.04,21.78,76.77,604,0.2156,23.23,NORMAL,0
drone_3,34.041948,-118.254744,70.03,53.16,28.74,38454,0.7484,71.26,DOS,1
drone_4,34.044024,-118.229868,189.37,55.45,50.23,45628,0.2913,49.77,DOS,1
drone_1,34.060762,-118.23856,227.87,14.78,96.56,692,0.0646,3.44,NORMAL,0
drone_10,34.51675,-118.102807,149.39,114.26,57.59,1644,0.7598,42.41,GPS_SPOOFING,1
drone_5,34.063746,-118.246519,249.94,21.25,67.14,221,0.0847,32.86,NORMAL,0
drone_1,34.048141,-118.233687,80.78,22.46,63.9,85,0.2746,36.1,NORMAL,0
drone_8,34.043902,-118.245503,9.73,0.43,10.36,1899,0.0401,89.64,JAMMING,1
drone_10,34.049424,-118.242238,93.83,12.59,74.55,105,0.1328,25.45,NORMAL,0
drone_7,34.045736,-118.236619,259.95,10.04,62.88,754,0.0385,37.12,NORMAL,0
drone_1,34.066087,-118.228652,157.41,8.59,73.83,161,0.0542,26.17,NORMAL,0
drone_3,34.06738,-118.242694,83.9,22.5,91.39,1253,0.265,8.61,NORMAL,0
drone_10,34.063302,-118.243307,137.53,20.05,92.4,912,0.1447,7.6,NORMAL,0
drone_5,34.039279,-118.235154,155.79,39.35,26.54,46657,0.251,73.46,DOS,1
drone_3,34.071963,-118.262793,85.38,46.94,37.37,57965,0.5434,62.63,DOS,1
drone_1,34.324991,-117.911923,322.36,135.7,63.45,1507,0.4197,36.55,GPS_SPOOFING,1
drone_1,34.056358,-118.254426,61.75,11.25,88.95,457,0.1793,11.05,NORMAL,0
drone_1,34.0572,-118.2387,100.0,10.0,75.0,500,0.099,25.0,REPLAY_ATTACK,1
drone_5,34.061556,-118.231658,91.05,22.27,78.6,1254,0.2419,21.4,NORMAL,0
drone_7,34.055171,-118.228174,77.06,53.66,51.13,40124,0.6874,48.87,DOS,1
drone_3,34.047139,-118.253698,5.43,1.4,10.0,1837,0.2177,90.0,JAMMING,1
drone_4,34.069205,-118.250065,275.06,8.82,82.0,946,0.0319,18.0,NORMAL,0
drone_10,34.0572,-118.2387,100.0,10.0,75.0,500,0.099,25.0,REPLAY_ATTACK,1
drone_1,34.048283,-118.232764,213.65,23.33,67.55,556,0.1087,32.45,NORMAL,0
drone_7,34.053594,-118.25629,269.6,12.54,69.45,90,0.0463,30.55,NORMAL,0
drone_5,34.058321,-118.257265,246.14,14.67,98.7,1140,0.0594,1.3,NORMAL,0
drone_4,34.049357,-118.2594,238.25,9.18,62.07,1423,0.0384,37.93,NORMAL,0
drone_6,34.047176,-118.243069,96.79,46.0,52.92,61616,0.4704,47.08,DOS,1
drone_5,34.064857,-118.224503,240.9,14.04,97.52,344,0.058,2.48,NORMAL,0
drone_1,34.0572,-118.2387,100.0,10.0,75.0,500,0.099,25.0,REPLAY_ATTACK,1
drone_3,34.043564,-118.25496,112.56,21.78,75.91,1099,0.1918,24.09,NORMAL,0
drone_6,34.041732,-118.228671,299.3,10.53,63.82,474,0.0351,36.18,NORMAL,0
drone_10,34.060032,-118.23756,7.36,0.96,4.15,1762,0.1148,95.85,JAMMING,1
drone_9,34.047643,-118.242536,0.8,0.39,3.81,1942,0.2167,96.19,JAMMING,1
drone_10,34.244249,-117.940789,174.92,109.16,48.44,1701,0.6205,51.56,GPS_SPOOFING,1
drone_6,34.052677,-118.252916,117.42,36.94,52.52,53080,0.3119,47.48,DOS,1
drone_10,34.058408,-118.226714,283.29,7.1,65.87,1407,0.025,34.13,NORMAL,0
drone_10,34.037136,-118.229306,280.98,18.37,82.64,440,0.0651,17.36,NORMAL,0
drone_5,34.0636,-118.24256,231.0,13.0,75.51,373,0.056,24.49,NORMAL,0
drone_9,34.416034,-117.992085,127.1,141.1,66.13,1729,1.1015,33.87,GPS_SPOOFING,1
drone_3,34.053602,-118.23786,12.73,0.22,12.73,1986,0.016,87.27,JAMMING,1
drone_4,34.061882,-118.227626,147.23,6.52,78.64,231,0.044,21.36,NORMAL,0
drone_3,34.033931,-118.263697,186.22,22.21,88.0,359,0.1186,12.0,NORMAL,0
drone_5,34.056881,-118.262155,288.92,23.68,97.31,290,0.0817,2.69,NORMAL,0
drone_1,34.049911,-118.255202,181.24,20.98,76.4,679,0.1151,23.6,NORMAL,0
drone_6,34.057923,-118.245761,232.44,15.67,60.2,970,0.0671,39.8,NORMAL,0
drone_2,34.0642,-118.236703,181.05,6.27,66.99,214,0.0344,33.01,NORMAL,0
drone_7,34.0572,-118.2387,100.0,10.0,75.0,500,0.099,25.0,REPLAY_ATTACK,1
drone_2,34.063256,-118.258413,165.55,21.79,95.59,627,0.1308,4.41,NORMAL,0
drone_4,34.036967,-118.230465,261.86,15.15,89.72,812,0.0576,10.28,NORMAL,0
drone_1,34.045557,-118.235852,225.17,17.0,67.98,635,0.0752,32.02,NORMAL,0
drone_5,34.0396,-118.251697,195.12,16.3,96.22,216,0.0831,3.78,NORMAL,0
drone_7,34.045012,-118.256543,119.5,35.06,38.36,83513,0.291,61.64,DOS,1
drone_2,34.051081,-118.229303,146.5,7.98,95.14,1500,0.0541,4.86,NORMAL,0
drone_4,34.067321,-118.259669,252.82,21.78,98.48,58,0.0858,1.52,NORMAL,0
drone_2,34.060946,-118.24704,11.39,1.43,5.33,1918,0.1154,94.67,JAMMING,1
drone_6,34.050084,-118.246903,53.88,8.62,84.72,475,0.1571,15.28,NORMAL,0
drone_6,34.059885,-118.2404,158.37,33.8,44.16,83088,0.2121,55.84,DOS,1
drone_7,34.334364,-118.120439,399.06,115.67,75.47,1510,0.2891,24.53,GPS_SPOOFING,1
drone_8,34.391869,-117.810014,311.22,125.6,50.9,1592,0.4023,49.1,GPS_SPOOFING,1
drone_2,34.069888,-118.255121,177.45,56.49,55.42,80982,0.3166,44.58,DOS,1
drone_2,34.037729,-118.255224,247.2,16.9,90.36,674,0.0681,9.64,NORMAL,0
drone_5,34.060759,-118.258611,153.71,48.86,42.96,21903,0.3158,57.04,DOS,1
drone_10,34.060252,-118.258782,190.84,11.88,82.63,1117,0.0619,17.37,NORMAL,0
drone_2,34.070542,-118.256671,108.38,18.32,74.26,270,0.1675,25.74,NORMAL,0
drone_6,34.308598,-117.823608,193.19,89.14,74.99,1515,0.459,25.01,GPS_SPOOFING,1
drone_2,34.0572,-118.2387,100.0,10.0,75.0,500,0.099,25.0,REPLAY_ATTACK,1
drone_9,34.410816,-117.919917,382.87,108.02,85.58,1703,0.2814,14.42,GPS_SPOOFING,1
drone_3,34.037801,-118.25609,242.95,5.16,71.92,208,0.0212,28.08,NORMAL,0
drone_4,34.054897,-118.236869,3.34,0.78,5.76,1971,0.1797,94.24,JAMMING,1
drone_9,34.058463,-118.253437,259.04,14.29,95.69,838,0.055,4.31,NORMAL,0
drone_10,34.061555,-118.232488,111.42,22.53,88.39,350,0.2004,11.61,NORMAL,0
drone_8,34.052265,-118.233527,92.33,51.23,26.88,26408,0.5489,73.12,DOS,1
drone_1,34.467218,-117.989523,273.29,138.91,52.74,1564,0.5064,47.26,GPS_SPOOFING,1
drone_9,34.043425,-118.237029,138.2,17.07,67.85,1021,0.1226,32.15,NORMAL,0
drone_9,34.059898,-118.247993,66.44,18.75,97.85,67,0.278,2.15,NORMAL,0
drone_7,34.049246,-118.246365,137.75,18.39,83.11,689,0.1325,16.89,NORMAL,0
drone_5,34.062867,-118.228981,157.98,34.37,26.94,58406,0.2162,73.06,DOS,1
drone_6,34.052658,-118.248628,133.0,6.63,95.82,650,0.0495,4.18,NORMAL,0
drone_7,34.05139,-118.242012,13.78,0.09,6.07,1996,0.0061,93.93,JAMMING,1
drone_2,34.063992,-118.253227,182.34,13.15,81.93,1483,0.0717,18.07,NORMAL,0
drone_9,34.053781,-118.230223,125.43,18.71,74.89,1038,0.148,25.11,NORMAL,0
drone_1,34.041367,-118.261035,56.31,23.9,73.91,657,0.417,26.09,NORMAL,0
drone_2,34.069355,-118.234756,85.25,21.34,81.12,1327,0.2474,18.88,NORMAL,0
drone_10,34.064931,-118.250941,103.94,8.37,81.72,16,0.0798,18.28,NORMAL,0
drone_7,34.0572,-118.2387,100.0,10.0,75.0,500,0.099,25.0,REPLAY_ATTACK,1
drone_9,34.058433,-118.234463,198.63,23.03,92.52,196,0.1154,7.48,NORMAL,0
drone_5,34.050488,-118.250168,2.17,1.28,11.26,1967,0.4038,88.74,JAMMING,1
drone_2,34.03561,-118.252714,235.87,5.62,71.65,1228,0.0237,28.35,NORMAL,0
drone_1,34.044381,-118.228927,114.14,7.06,66.78,79,0.0613,33.22,NORMAL,0
drone_10,34.064862,-118.242542,146.01,8.86,65.08,1146,0.0603,34.92,NORMAL,0
drone_3,34.036332,-118.238827,54.78,17.53,79.25,1471,0.3143,20.75,NORMAL,0
drone_6,34.032589,-118.259933,263.59,13.98,62.89,1212,0.0528,37.11,NORMAL,0
drone_5,34.0572,-118.2387,100.0,10.0,75.0,500,0.099,25.0,REPLAY_ATTACK,1
drone_2,34.061175,-118.251591,98.51,40.89,49.53,60094,0.4109,50.47,DOS,1
drone_4,34.0572,-118.2387,100.0,10.0,75.0,500,0.099,25.0,REPLAY_ATTACK,1
drone_4,34.0572,-118.2387,100.0,10.0,75.0,500,0.099,25.0,REPLAY_ATTACK,1
drone_10,34.054829,-118.23289,100.31,8.6,98.72,1473,0.0849,1.28,NORMAL,0
drone_3,34.038539,-118.258769,286.13,18.53,79.7,243,0.0645,20.3,NORMAL,0
drone_4,34.043875,-118.250703,143.18,14.36,60.38,200,0.0996,39.62,NORMAL,0
drone_2,34.042094,-118.231614,124.22,12.18,66.15,757,0.0973,33.85,NORMAL,0
drone_5,34.057933,-118.225146,70.8,16.38,74.98,779,0.2281,25.02,NORMAL,0
drone_3,34.054506,-118.227958,90.83,12.99,87.22,473,0.1415,12.78,NORMAL,0
drone_9,34.051992,-118.241602,139.92,7.92,83.31,1477,0.0562,16.69,NORMAL,0
drone_4,34.054552,-118.236982,278.36,23.13,85.85,6,0.0828,14.15,NORMAL,0
drone_9,34.060758,-118.240619,56.15,51.97,31.6,17530,0.9094,68.4,DOS,1
drone_6,34.043489,-118.261813,192.8,36.66,67.51,74019,0.1892,32.49,DOS,1
drone_10,34.036323,-118.241845,153.17,32.5,44.63,62450,0.2108,55.37,DOS,1
drone_6,34.059805,-118.228109,161.08,18.35,95.39,1126,0.1132,4.61,NORMAL,0
drone_1,34.0572,-118.2387,100.0,10.0,75.0,500,0.099,25.0,REPLAY_ATTACK,1
drone_5,34.063433,-118.256685,76.26,21.18,81.84,991,0.2741,18.16,NORMAL,0
drone_5,34.061579,-118.258839,197.24,18.86,76.68,1319,0.0951,23.32,NORMAL,0
drone_5,34.035268,-118.251881,251.45,9.57,85.03,801,0.0379,14.97,NORMAL,0
drone_7,34.044539,-118.262598,132.47,11.86,89.16,718,0.0889,10.84,NORMAL,0
drone_6,34.051857,-118.256841,83.76,5.74,77.09,1375,0.0677,22.91,NORMAL,0
drone_8,34.044557,-118.239337,238.96,24.67,81.65,92,0.1028,18.35,NORMAL,0
drone_9,34.047319,-118.229444,173.14,7.22,83.95,551,0.0415,16.05,NORMAL,0
drone_5,34.047372,-118.238464,162.03,18.21,73.92,834,0.1117,26.08,NORMAL,0
drone_1,34.054848,-118.251057,117.97,14.09,89.32,1332,0.1184,10.68,NORMAL,0
drone_5,34.068599,-118.233261,86.64,41.11,50.78,34301,0.4691,49.22,DOS,1
drone_4,34.066211,-118.228691,94.69,17.29,92.13,925,0.1807,7.87,NORMAL,0
drone_4,34.063736,-118.239016,158.42,8.82,60.44,640,0.0553,39.56,NORMAL,0
drone_1,34.054016,-118.253178,122.23,7.08,61.81,1469,0.0575,38.19,NORMAL,0
drone_3,34.0572,-118.2387,100.0,10.0,75.0,500,0.099,25.0,REPLAY_ATTACK,1
drone_1,34.07129,-118.263407,298.97,11.65,83.72,967,0.0388,16.28,NORMAL,0
drone_9,34.068461,-118.263682,239.22,5.08,81.12,1315,0.0211,18.88,NORMAL,0
drone_6,34.065913,-118.255745,57.53,58.88,40.03,87554,1.006,59.97,DOS,1
drone_3,34.047623,-118.243112,1.98,1.81,11.32,1787,0.6074,88.68,JAMMING,1
drone_9,34.041983,-118.225855,231.86,15.88,66.02,257,0.0682,33.98,NORMAL,0
drone_5,34.065503,-118.243004,76.79,6.46,64.78,664,0.083,35.22,NORMAL,0
drone_7,34.043237,-118.228333,269.57,6.59,82.79,61,0.0244,17.21,NORMAL,0
drone_1,34.035839,-118.228399,55.71,33.34,56.54,23156,0.5879,43.46,DOS,1
drone_10,34.062651,-118.233523,280.38,21.34,62.99,820,0.0758,37.01,NORMAL,0
drone_10,34.043744,-118.244224,6.35,0.29,6.34,1907,0.0395,93.66,JAMMING,1
drone_7,34.542148,-117.957548,332.62,153.38,57.82,1710,0.4597,42.18,GPS_SPOOFING,1
drone_6,34.059313,-118.232954,202.5,16.44,81.12,907,0.0808,18.88,NORMAL,0
drone_1,34.035825,-118.228971,196.54,7.67,78.36,715,0.0388,21.64,NORMAL,0
drone_1,34.048269,-118.236377,14.63,0.3,6.9,1848,0.0192,93.1,JAMMING,1
drone_4,34.043842,-118.240483,224.51,19.34,90.1,364,0.0858,9.9,NORMAL,0
drone_10,34.038869,-118.227705,166.47,46.7,34.58,49428,0.2789,65.42,DOS,1
drone_8,34.157087,-117.824864,224.37,152.61,71.2,1567,0.6772,28.8,GPS_SPOOFING,1
drone_7,34.043813,-118.263491,167.26,16.61,76.56,956,0.0987,23.44,NORMAL,0
drone_1,34.056111,-118.243176,12.88,1.07,12.18,1764,0.0771,87.82,JAMMING,1
drone_10,34.047996,-118.249507,252.21,16.27,63.54,459,0.0643,36.46,NORMAL,0
drone_6,34.054058,-118.22744,83.95,55.05,32.78,41634,0.648,67.22,DOS,1
drone_2,34.054483,-118.236196,1.04,1.59,12.33,1866,0.7794,87.67,JAMMING,1
drone_1,34.063837,-118.26299,180.06,22.01,71.33,617,0.1216,28.67,NORMAL,0
drone_8,34.0572,-118.2387,100.0,10.0,75.0,500,0.099,25.0,REPLAY_ATTACK,1
drone_5,34.046717,-118.255975,259.26,5.78,98.38,534,0.0222,1.62,NORMAL,0
drone_2,34.063626,-118.262237,273.02,21.75,81.91,915,0.0794,18.09,NORMAL,0
drone_5,34.064211,-118.239677,136.2,24.05,91.07,1187,0.1753,8.93,NORMAL,0
drone_1,34.070618,-118.225566,181.52,5.94,97.14,1242,0.0325,2.86,NORMAL,0
drone_9,34.0572,-118.2387,100.0,10.0,75.0,500,0.099,25.0,REPLAY_ATTACK,1
drone_6,34.037145,-118.261339,151.33,23.23,92.0,607,0.1525,8.0,NORMAL,0
drone_7,34.058289,-118.229559,63.57,47.93,60.24,63386,0.7423,39.76,DOS,1
drone_9,34.205765,-118.082343,142.83,95.73,45.97,1624,0.6656,54.03,GPS_SPOOFING,1
drone_6,34.053711,-118.246032,101.13,5.51,88.35,234,0.054,11.65,NORMAL,0
drone_4,34.067861,-118.263057,168.51,48.99,44.52,88779,0.289,55.48,DOS,1
drone_10,34.033962,-118.225786,115.11,19.57,95.8,883,0.1685,4.2,NORMAL,0
drone_6,34.057725,-118.261505,104.82,17.56,79.36,80,0.1659,20.64,NORMAL,0
drone_1,34.069997,-118.23783,254.39,18.85,72.81,464,0.0738,27.19,NORMAL,0
drone_10,34.054589,-118.256465,164.19,37.78,38.19,77379,0.2287,61.81,DOS,1
drone_9,34.071529,-118.247462,118.88,51.9,23.89,34389,0.4329,76.11,DOS,1
drone_1,34.071797,-118.241116,190.97,24.06,79.7,1215,0.1253,20.3,NORMAL,0
drone_8,34.066387,-118.238797,234.23,21.09,94.84,508,0.0897,5.16,NORMAL,0
drone_9,34.0572,-118.2387,100.0,10.0,75.0,500,0.099,25.0,REPLAY_ATTACK,1
drone_9,34.395122,-118.014617,317.7,132.66,68.5,1662,0.4163,31.5,GPS_SPOOFING,1
drone_3,34.048356,-118.23456,12.76,1.3,13.4,1937,0.0945,86.6,JAMMING,1
drone_3,34.0572,-118.2387,100.0,10.0,75.0,500,0.099,25.0,REPLAY_ATTACK,1
drone_7,34.043641,-118.242762,76.7,54.0,66.84,40465,0.695,33.16,DOS,1
drone_6,34.071016,-118.229088,127.41,51.31,54.6,26523,0.3996,45.4,DOS,1
drone_6,34.041229,-118.22378,69.3,17.81,86.56,895,0.2533,13.44,NORMAL,0
drone_3,34.04595,-118.258908,146.56,56.97,32.72,89794,0.3861,67.28,DOS,1
drone_1,34.032573,-118.254829,86.44,6.83,90.04,1373,0.0781,9.96,NORMAL,0
drone_10,34.067774,-118.228943,66.71,24.71,80.06,170,0.3649,19.94,NORMAL,0
drone_5,34.054171,-118.241768,270.23,5.66,60.27,961,0.0209,39.73,NORMAL,0
drone_1,34.049023,-118.226428,145.65,10.0,75.57,89,0.0682,24.43,NORMAL,0
drone_6,34.038194,-118.244964,111.1,18.04,89.74,521,0.1609,10.26,NORMAL,0
drone_3,34.044993,-118.250299,244.83,12.18,70.21,1105,0.0495,29.79,NORMAL,0
drone_8,34.047324,-118.232978,222.64,6.05,63.38,934,0.0271,36.62,NORMAL,0
drone_9,34.049718,-118.252142,225.43,24.58,92.81,1112,0.1086,7.19,NORMAL,0
drone_1,34.035044,-118.233652,291.39,15.27,83.98,108,0.0522,16.02,NORMAL,0
drone_4,34.533624,-117.896348,214.39,93.98,87.58,1607,0.4363,12.42,GPS_SPOOFING,1
drone_7,34.060403,-118.237323,174.18,16.47,90.6,1381,0.094,9.4,NORMAL,0
drone_7,34.037209,-118.260963,81.23,24.68,80.88,803,0.3001,19.12,NORMAL,0
drone_3,34.051737,-118.236077,1.36,0.98,2.19,1925,0.4153,97.81,JAMMING,1
drone_8,34.034136,-118.246046,55.45,12.9,79.24,1024,0.2285,20.76,NORMAL,0
drone_7,34.453147,-118.141397,235.07,156.55,52.92,1504,0.6632,47.08,GPS_SPOOFING,1
drone_7,34.050714,-118.252061,75.48,36.32,64.67,22369,0.4749,35.33,DOS,1
drone_5,34.0572,-118.2387,100.0,10.0,75.0,500,0.099,25.0,REPLAY_ATTACK,1
drone_1,34.0572,-118.2387,100.0,10.0,75.0,500,0.099,25.0,REPLAY_ATTACK,1
drone_9,34.069089,-118.232614,96.42,16.17,62.52,1069,0.166,37.48,NORMAL,0
drone_9,34.052531,-118.22771,117.11,36.5,46.21,86171,0.309,53.79,DOS,1
drone_4,34.065333,-118.261335,80.08,5.4,83.64,982,0.0666,16.36,NORMAL,0
drone_8,34.064371,-118.256363,220.09,19.34,62.09,774,0.0875,37.91,NORMAL,0
drone_6,34.518056,-117.944831,298.89,158.9,72.77,1660,0.5299,27.23,GPS_SPOOFING,1
drone_1,34.066762,-118.234885,243.45,16.74,87.41,1081,0.0685,12.59,NORMAL,0
drone_7,34.536014,-118.064301,126.8,121.62,44.21,1519,0.9516,55.79,GPS_SPOOFING,1
drone_8,34.053289,-118.251241,0.75,1.46,8.83,1997,0.8343,91.17,JAMMING,1
drone_8,34.043044,-118.249152,261.75,21.35,72.84,1195,0.0813,27.16,NORMAL,0
drone_3,34.065584,-118.255914,147.59,20.63,65.69,514,0.1388,34.31,NORMAL,0
drone_6,34.06106,-118.227403,140.44,18.96,92.12,55,0.134,7.88,NORMAL,0
drone_10,34.064487,-118.226343,290.33,17.79,74.95,1438,0.0611,25.05,NORMAL,0
drone_10,34.262651,-117.834496,329.31,144.88,44.85,1742,0.4386,55.15,GPS_SPOOFING,1
drone_1,34.258982,-117.776544,193.02,96.49,83.33,1584,0.4973,16.67,GPS_SPOOFING,1
drone_2,34.070234,-118.228122,210.92,12.49,75.91,1306,0.0589,24.09,NORMAL,0
drone_7,34.068128,-118.262081,144.06,35.88,24.4,61604,0.2473,75.6,DOS,1
drone_1,34.056688,-118.243739,200.45,8.99,68.75,766,0.0446,31.25,NORMAL,0
drone_8,34.058951,-118.231618,100.34,8.61,67.42,597,0.085,32.58,NORMAL,0
drone_6,34.054876,-118.251269,212.9,16.74,73.46,699,0.0783,26.54,NORMAL,0
drone_1,34.04617,-118.259725,278.69,20.07,97.48,227,0.0718,2.52,NORMAL,0
drone_3,34.056296,-118.238847,137.21,19.83,77.96,543,0.1435,22.04,NORMAL,0
drone_10,34.066816,-118.229925,264.82,22.23,92.11,134,0.0836,7.89,NORMAL,0
drone_8,34.046576,-118.253568,255.42,22.12,86.72,1494,0.0863,13.28,NORMAL,0
drone_8,34.0572,-118.2387,100.0,10.0,75.0,500,0.099,25.0,REPLAY_ATTACK,1
drone_1,34.059334,-118.242584,8.17,0.24,4.73,1926,0.0262,95.27,JAMMING,1
drone_9,34.065538,-118.244476,82.87,36.48,58.99,69986,0.435,41.01,DOS,1
drone_7,34.034622,-118.238315,125.87,16.44,80.75,1120,0.1296,19.25,NORMAL,0
drone_6,34.04836,-118.243882,4.61,1.72,2.71,1824,0.3066,97.29,JAMMING,1
drone_4,34.04445,-118.240663,194.76,23.44,83.39,1281,0.1197,16.61,NORMAL,0
drone_9,34.056467,-118.249568,9.67,1.75,1.54,1845,0.164,98.46,JAMMING,1
drone_3,34.038097,-118.252471,267.19,19.83,71.32,390,0.0739,28.68,NORMAL,0
drone_7,34.057328,-118.252217,199.41,20.21,94.35,1372,0.1008,5.65,NORMAL,0
drone_9,34.055468,-118.249358,156.63,50.03,55.71,73663,0.3174,44.29,DOS,1
drone_1,34.0572,-118.2387,100.0,10.0,75.0,500,0.099,25.0,REPLAY_ATTACK,1
drone_7,34.063629,-118.233793,194.58,32.13,50.72,68235,0.1643,49.28,DOS,1
drone_8,34.198999,-117.748382,398.93,104.88,61.56,1537,0.2622,38.44,GPS_SPOOFING,1
drone_10,34.062071,-118.262949,297.93,24.74,84.93,163,0.0828,15.07,NORMAL,0
drone_4,34.067417,-118.238813,258.13,18.2,62.21,408,0.0702,37.79,NORMAL,0
drone_6,34.033013,-118.25675,193.4,24.47,66.5,1262,0.1259,33.5,NORMAL,0
drone_3,34.047103,-118.250346,0.47,1.48,14.53,1966,1.0068,85.47,JAMMING,1
drone_1,34.050668,-118.23813,202.57,11.34,93.49,562,0.0557,6.51,NORMAL,0
drone_7,34.05035,-118.245666,6.07,1.61,13.23,1825,0.2277,86.77,JAMMING,1
drone_7,34.0572,-118.2387,100.0,10.0,75.0,500,0.099,25.0,REPLAY_ATTACK,1
drone_4,34.045528,-118.247793,9.51,1.4,4.83,1931,0.1332,95.17,JAMMING,1
drone_8,34.055132,-118.260229,98.94,14.14,73.29,1177,0.1415,26.71,NORMAL,0
drone_4,34.036024,-118.23767,232.86,15.47,96.22,1499,0.0662,3.78,NORMAL,0
drone_5,34.072033,-118.224635,94.63,23.83,89.65,480,0.2492,10.35,NORMAL,0
drone_3,34.069492,-118.234352,153.24,9.31,64.13,963,0.0604,35.87,NORMAL,0
drone_3,34.060266,-118.250705,142.57,9.48,93.51,744,0.066,6.49,NORMAL,0
drone_3,34.049493,-118.235695,4.08,1.9,14.6,1855,0.374,85.4,JAMMING,1
drone_4,34.036652,-118.23695,180.7,12.23,64.22,1094,0.0673,35.78,NORMAL,0
drone_3,34.320975,-117.87482,333.51,82.59,87.86,1713,0.2469,12.14,GPS_SPOOFING,1
drone_7,34.03674,-118.262146,285.81,21.49,60.91,1008,0.0749,39.09,NORMAL,0
drone_4,34.491909,-118.094129,193.57,89.64,77.73,1695,0.4607,22.27,GPS_SPOOFING,1
drone_7,34.05223,-118.260172,142.07,12.4,75.99,517,0.0867,24.01,NORMAL,0
drone_4,34.03803,-118.263364,193.53,15.18,75.97,1345,0.078,24.03,NORMAL,0
drone_1,34.05839,-118.257603,102.81,12.43,75.93,842,0.1197,24.07,NORMAL,0
drone_5,34.487454,-117.92581,278.52,113.12,58.86,1744,0.4047,41.14,GPS_SPOOFING,1
drone_10,34.047442,-118.243509,253.63,18.55,61.74,609,0.0729,38.26,NORMAL,0
drone_2,34.458912,-117.801123,257.8,157.7,64.47,1706,0.6094,35.53,GPS_SPOOFING,1
drone_5,34.037196,-118.22503,242.71,20.87,92.17,1003,0.0856,7.83,NORMAL,0
drone_1,34.0572,-118.2387,100.0,10.0,75.0,500,0.099,25.0,REPLAY_ATTACK,1
drone_2,34.347445,-117.920399,178.64,150.44,54.73,1641,0.8375,45.27,GPS_SPOOFING,1
drone_3,34.057209,-118.255157,54.05,6.05,89.75,645,0.1099,10.25,NORMAL,0
drone_9,34.039934,-118.239293,285.74,11.12,68.43,132,0.0388,31.57,NORMAL,0
drone_6,34.063149,-118.257462,109.25,23.04,91.77,1039,0.209,8.23,NORMAL,0
drone_10,34.065427,-118.22383,72.39,18.52,91.65,974,0.2524,8.35,NORMAL,0
drone_1,34.062864,-118.226207,131.99,21.02,60.15,1269,0.1581,39.85,NORMAL,0
drone_3,34.042051,-118.240208,227.66,6.91,72.74,651,0.0302,27.26,NORMAL,0
drone_9,34.063377,-118.255314,68.43,16.92,66.88,1207,0.2437,33.12,NORMAL,0
drone_1,34.486483,-117.782623,393.0,130.75,66.14,1543,0.3319,33.86,GPS_SPOOFING,1
drone_3,34.032378,-118.224482,279.0,23.21,76.29,811,0.0829,23.71,NORMAL,0
drone_6,34.065767,-118.236264,138.58,21.83,68.8,945,0.1564,31.2,NORMAL,0
drone_8,34.398985,-118.053045,354.69,90.85,68.53,1506,0.2554,31.47,GPS_SPOOFING,1
drone_3,34.071078,-118.259702,195.82,19.22,84.63,81,0.0977,15.37,NORMAL,0
drone_4,34.0572,-118.2387,100.0,10.0,75.0,500,0.099,25.0,REPLAY_ATTACK,1
drone_1,34.301207,-117.97609,226.46,156.54,43.08,1652,0.6882,56.92,GPS_SPOOFING,1
drone_4,34.032704,-118.245071,97.23,14.81,73.48,554,0.1508,26.52,NORMAL,0
drone_3,34.033798,-118.25359,128.51,22.14,90.61,42,0.171,9.39,NORMAL,0
drone_1,34.041757,-118.22397,247.26,13.36,96.01,241,0.0538,3.99,NORMAL,0
drone_6,34.0572,-118.2387,100.0,10.0,75.0,500,0.099,25.0,REPLAY_ATTACK,1
drone_5,34.0572,-118.2387,100.0,10.0,75.0,500,0.099,25.0,REPLAY_ATTACK,1
drone_5,34.066767,-118.241354,152.43,31.83,63.08,16374,0.2075,36.92,DOS,1
drone_6,34.048375,-118.236059,252.56,21.22,70.83,861,0.0837,29.17,NORMAL,0
drone_1,34.043028,-118.227587,108.68,17.63,77.68,1122,0.1607,22.32,NORMAL,0
drone_6,34.056194,-118.226586,161.19,22.26,90.91,987,0.1372,9.09,NORMAL,0
drone_8,34.064251,-118.251661,126.1,20.9,80.33,1151,0.1644,19.67,NORMAL,0
drone_4,34.059418,-118.262183,240.85,16.5,71.0,605,0.0682,29.0,NORMAL,0
drone_3,34.044556,-118.238704,262.91,6.59,73.54,1316,0.025,26.46,NORMAL,0
drone_10,34.05018,-118.234388,5.09,1.27,3.91,1891,0.2085,96.09,JAMMING,1
drone_7,34.056099,-118.244412,12.06,0.01,11.86,1958,0.0008,88.14,JAMMING,1
drone_5,34.047321,-118.237218,144.76,5.43,69.68,1009,0.0373,30.32,NORMAL,0
drone_6,34.054032,-118.228246,150.19,5.27,77.49,44,0.0349,22.51,NORMAL,0
drone_8,34.033649,-118.246657,95.06,12.41,63.09,250,0.1292,36.91,NORMAL,0
drone_3,34.057239,-118.24542,125.82,17.68,91.54,585,0.1394,8.46,NORMAL,0
drone_9,34.0572,-118.2387,100.0,10.0,75.0,500,0.099,25.0,REPLAY_ATTACK,1
drone_8,34.042455,-118.260135,98.14,31.79,59.65,24614,0.3207,40.35,DOS,1
drone_8,34.060565,-118.24275,115.94,15.4,87.33,130,0.1317,12.67,NORMAL,0
drone_8,34.042184,-118.229519,139.09,19.7,97.19,1175,0.1406,2.81,NORMAL,0
drone_8,34.070795,-118.246548,273.79,15.06,81.18,129,0.0548,18.82,NORMAL,0
drone_1,34.047052,-118.235159,298.23,21.83,60.26,835,0.073,39.74,NORMAL,0
drone_4,34.038703,-118.234132,253.27,13.09,83.14,923,0.0515,16.86,NORMAL,0
drone_8,34.052293,-118.259975,255.04,8.82,70.21,997,0.0344,29.79,NORMAL,0
drone_2,34.243277,-117.928629,280.56,108.51,69.38,1637,0.3854,30.62,GPS_SPOOFING,1
drone_4,34.152385,-118.071239,244.82,81.28,66.62,1513,0.3306,33.38,GPS_SPOOFING,1
drone_4,34.0593,-118.247252,11.41,1.4,10.11,1865,0.1128,89.89,JAMMING,1
drone_8,34.061528,-118.232237,277.95,8.77,89.58,637,0.0314,10.42,NORMAL,0
drone_6,34.449823,-117.983211,318.12,95.19,67.01,1736,0.2983,32.99,GPS_SPOOFING,1
drone_4,34.055867,-118.246884,10.6,0.62,9.16,1835,0.0534,90.84,JAMMING,1
drone_7,34.061396,-118.263405,109.42,58.98,32.51,45212,0.5341,67.49,DOS,1
drone_6,34.067806,-118.247009,118.8,7.02,69.82,162,0.0586,30.18,NORMAL,0
drone_10,34.05267,-118.236229,105.37,46.32,63.86,49629,0.4355,36.14,DOS,1
drone_4,34.067556,-118.245458,134.2,33.4,40.73,11617,0.247,59.27,DOS,1
drone_9,34.050053,-118.24987,6.86,1.79,6.87,1840,0.2277,93.13,JAMMING,1
drone_5,34.43815,-117.763699,200.15,145.35,48.56,1628,0.7226,51.44,GPS_SPOOFING,1
drone_7,34.401732,-117.791341,321.92,117.84,89.78,1679,0.3649,10.22,GPS_SPOOFING,1
drone_2,34.057667,-118.254317,183.6,45.97,69.33,80583,0.249,30.67,DOS,1
drone_3,34.53317,-118.081373,239.62,92.59,51.1,1626,0.3848,48.9,GPS_SPOOFING,1
drone_7,34.0572,-118.2387,100.0,10.0,75.0,500,0.099,25.0,REPLAY_ATTACK,1
drone_6,34.03733,-118.2573,285.74,6.28,81.25,583,0.0219,18.75,NORMAL,0
drone_9,34.050351,-118.223931,194.36,20.92,71.47,361,0.1071,28.53,NORMAL,0
drone_4,34.056605,-118.233591,195.92,20.49,92.3,1357,0.1041,7.7,NORMAL,0
drone_2,34.044663,-118.254072,204.33,10.91,81.17,539,0.0531,18.83,NORMAL,0
drone_8,34.064861,-118.228467,97.98,49.95,31.59,75101,0.5046,68.41,DOS,1
drone_2,34.068529,-118.260714,217.41,17.66,71.78,1222,0.0809,28.22,NORMAL,0
drone_7,34.0572,-118.2387,100.0,10.0,75.0,500,0.099,25.0,REPLAY_ATTACK,1
drone_3,34.067392,-118.252563,170.49,9.14,74.96,591,0.0533,25.04,NORMAL,0
drone_3,34.450334,-118.13944,165.06,98.89,69.64,1589,0.5955,30.36,GPS_SPOOFING,1
drone_4,34.053341,-118.247657,6.24,1.31,5.35,1994,0.1809,94.65,JAMMING,1
drone_10,34.037011,-118.237586,279.72,8.8,98.29,624,0.0313,1.71,NORMAL,0
drone_3,34.053207,-118.227444,138.95,11.23,82.47,148,0.0802,17.53,NORMAL,0
drone_7,34.052144,-118.243341,130.83,10.23,84.01,964,0.0776,15.99,NORMAL,0
drone_9,34.064145,-118.248561,67.73,6.25,75.81,932,0.0909,24.19,NORMAL,0
drone_7,34.0572,-118.2387,100.0,10.0,75.0,500,0.099,25.0,REPLAY_ATTACK,1
drone_2,34.068082,-118.26208,67.81,12.83,82.45,1458,0.1865,17.55,NORMAL,0
drone_2,34.063508,-118.25581,186.74,19.72,87.65,1178,0.105,12.35,NORMAL,0
drone_7,34.039205,-118.239071,199.85,18.0,67.77,418,0.0896,32.23,NORMAL,0
drone_1,34.323051,-118.080086,157.24,112.2,50.05,1576,0.709,49.95,GPS_SPOOFING,1
drone_10,34.053921,-118.250243,106.96,13.21,84.2,1417,0.1224,15.8,NORMAL,0
drone_8,34.051913,-118.249798,14.99,0.48,5.65,1984,0.03,94.35,JAMMING,1
drone_1,34.057381,-118.249084,244.76,6.82,89.56,1259,0.0278,10.44,NORMAL,0
drone_5,34.062466,-118.263185,125.1,23.13,98.7,1079,0.1834,1.3,NORMAL,0
drone_6,34.046031,-118.248221,89.11,7.05,98.55,488,0.0782,1.45,NORMAL,0
drone_9,34.161711,-117.864044,112.0,81.52,40.27,1501,0.7214,59.73,GPS_SPOOFING,1
drone_2,34.272011,-117.879693,164.74,118.99,57.81,1548,0.7179,42.19,GPS_SPOOFING,1
drone_4,34.044265,-118.247891,5.52,0.63,1.09,1916,0.0966,98.91,JAMMING,1
drone_10,34.043145,-118.230242,162.45,7.45,73.88,1053,0.0456,26.12,NORMAL,0
drone_6,34.044555,-118.249035,266.67,14.06,77.76,845,0.0525,22.24,NORMAL,0
drone_1,34.070887,-118.261109,288.07,11.58,95.07,1020,0.0401,4.93,NORMAL,0
drone_7,34.044437,-118.243357,58.51,47.47,29.4,89003,0.7977,70.6,DOS,1
drone_5,34.070998,-118.231283,135.28,5.41,70.86,782,0.0397,29.14,NORMAL,0
drone_8,34.032978,-118.253886,96.0,12.92,78.21,1065,0.1332,21.79,NORMAL,0
drone_3,34.0572,-118.2387,100.0,10.0,75.0,500,0.099,25.0,REPLAY_ATTACK,1
drone_10,34.040545,-118.261037,159.75,22.9,65.41,529,0.1425,34.59,NORMAL,0
drone_8,34.052465,-118.238401,129.39,6.47,64.48,920,0.0496,35.52,NORMAL,0
drone_5,34.051323,-118.235706,12.01,0.57,11.23,1754,0.0438,88.77,JAMMING,1
drone_1,34.043596,-118.247251,12.6,0.2,7.24,1795,0.0147,92.76,JAMMING,1
drone_10,34.053139,-118.248006,128.03,18.84,97.43,1186,0.146,2.57,NORMAL,0
drone_2,34.069401,-118.249176,131.75,18.47,92.67,203,0.1391,7.33,NORMAL,0
drone_6,34.033464,-118.228383,76.38,11.37,98.86,94,0.1469,1.14,NORMAL,0
drone_3,34.037672,-118.22756,252.58,13.49,67.69,1374,0.0532,32.31,NORMAL,0
drone_8,34.06781,-118.245916,283.23,19.14,67.7,125,0.0673,32.3,NORMAL,0
drone_1,34.061618,-118.259578,251.96,8.29,91.22,83,0.0328,8.78,NORMAL,0
drone_2,34.050755,-118.234233,289.07,8.06,87.71,1468,0.0278,12.29,NORMAL,0
drone_5,34.29668,-117.923386,270.82,99.09,81.51,1725,0.3645,18.49,GPS_SPOOFING,1
drone_10,34.065553,-118.231588,87.8,8.22,68.64,407,0.0926,31.36,NORMAL,0
drone_5,34.199444,-118.137085,387.09,116.02,73.4,1638,0.299,26.6,GPS_SPOOFING,1
drone_7,34.067484,-118.255613,94.66,57.47,25.56,24730,0.6008,74.44,DOS,1
drone_1,34.0572,-118.2387,100.0,10.0,75.0,500,0.099,25.0,REPLAY_ATTACK,1
drone_2,34.475537,-117.982815,282.57,102.82,63.39,1707,0.3626,36.61,GPS_SPOOFING,1
drone_8,34.050183,-118.257834,112.18,7.64,81.13,1415,0.0675,18.87,NORMAL,0
drone_8,34.036452,-118.26063,141.73,6.12,93.73,823,0.0429,6.27,NORMAL,0
drone_5,34.0614,-118.233277,215.08,14.05,67.99,158,0.065,32.01,NORMAL,0
drone_10,34.032413,-118.254042,208.68,16.83,74.78,730,0.0803,25.22,NORMAL,0
drone_2,34.049295,-118.240895,5.6,0.41,6.33,1830,0.0621,93.67,JAMMING,1
drone_6,34.066502,-118.244956,299.01,15.62,90.4,103,0.0521,9.6,NORMAL,0
drone_10,34.067666,-118.240342,241.29,18.3,98.85,483,0.0755,1.15,NORMAL,0
drone_3,34.066489,-118.252405,283.41,22.44,66.32,225,0.0789,33.68,NORMAL,0
drone_9,34.056697,-118.254881,125.03,38.17,43.72,12201,0.3029,56.28,DOS,1
drone_3,34.0572,-118.2387,100.0,10.0,75.0,500,0.099,25.0,REPLAY_ATTACK,1
drone_5,34.057641,-118.236561,64.98,11.42,81.68,541,0.1731,18.32,NORMAL,0
drone_3,34.042505,-118.240852,5.71,0.26,9.13,1928,0.0387,90.87,JAMMING,1
drone_4,34.03465,-118.249142,163.54,17.95,82.96,1261,0.1091,17.04,NORMAL,0
drone_2,34.035301,-118.244811,281.42,18.73,63.43,1118,0.0663,36.57,NORMAL,0
drone_8,34.057552,-118.260924,286.23,18.6,79.5,1341,0.0648,20.5,NORMAL,0
drone_10,34.051447,-118.243666,77.21,46.48,50.46,77786,0.5943,49.54,DOS,1
drone_3,34.066967,-118.262181,62.28,55.1,44.73,12211,0.8707,55.27,DOS,1
drone_5,34.054986,-118.250477,10.78,0.27,14.37,1864,0.0229,85.63,JAMMING,1
drone_6,34.055773,-118.261002,97.06,58.22,27.33,41403,0.5937,72.67,DOS,1
drone_1,34.048497,-118.240631,132.6,13.22,90.61,743,0.099,9.39,NORMAL,0
drone_1,34.035359,-118.242311,107.83,5.74,99.33,45,0.0527,0.67,NORMAL,0
drone_1,34.06105,-118.260821,199.39,22.66,91.15,37,0.1131,8.85,NORMAL,0
drone_7,34.054837,-118.252658,7.55,0.35,4.58,1783,0.0409,95.42,JAMMING,1
drone_3,34.48004,-118.097715,359.03,125.98,42.98,1670,0.3499,57.02,GPS_SPOOFING,1
drone_8,34.060626,-118.235865,9.23,1.33,2.79,1871,0.13,97.21,JAMMING,1
drone_8,34.045859,-118.227173,246.65,15.91,60.65,1302,0.0642,39.35,NORMAL,0
drone_3,34.071239,-118.262547,268.01,19.84,90.18,561,0.0738,9.82,NORMAL,0
drone_7,34.330511,-118.078721,325.48,95.43,50.42,1643,0.2923,49.58,GPS_SPOOFING,1
drone_6,34.0572,-118.2387,100.0,10.0,75.0,500,0.099,25.0,REPLAY_ATTACK,1
drone_4,34.048866,-118.253976,293.76,23.9,99.69,1490,0.0811,0.31,NORMAL,0
drone_4,34.059029,-118.248119,155.87,11.06,92.49,219,0.0705,7.51,NORMAL,0
drone_9,34.166706,-118.115487,394.07,133.27,63.38,1512,0.3373,36.62,GPS_SPOOFING,1
drone_3,34.062954,-118.263639,86.54,41.97,69.4,31163,0.4794,30.6,DOS,1
drone_3,34.032674,-118.26258,131.98,8.3,88.1,52,0.0624,11.9,NORMAL,0
drone_3,34.43267,-117.912117,326.91,99.08,63.26,1533,0.3022,36.74,GPS_SPOOFING,1
drone_7,34.038333,-118.263183,161.92,20.62,60.49,1466,0.1266,39.51,NORMAL,0
drone_9,34.064889,-118.246074,249.93,24.54,81.15,66,0.0978,18.85,NORMAL,0
drone_1,34.036775,-118.262826,109.82,47.91,48.52,86973,0.4323,51.48,DOS,1
drone_4,34.033516,-118.260054,280.7,23.55,77.15,280,0.0836,22.85,NORMAL,0
drone_4,34.449132,-118.071623,393.05,109.22,49.85,1726,0.2772,50.15,GPS_SPOOFING,1
drone_5,34.056229,-118.23226,156.21,19.29,80.08,386,0.1227,19.92,NORMAL,0
drone_4,34.066265,-118.246268,77.79,15.9,61.52,53,0.2018,38.48,NORMAL,0
drone_10,34.036527,-118.238321,196.85,8.37,87.95,848,0.0423,12.05,NORMAL,0
drone_6,34.0572,-118.2387,100.0,10.0,75.0,500,0.099,25.0,REPLAY_ATTACK,1
drone_6,34.0572,-118.2387,100.0,10.0,75.0,500,0.099,25.0,REPLAY_ATTACK,1
drone_10,34.070484,-118.240597,181.07,22.61,66.33,992,0.1242,33.67,NORMAL,0
drone_1,34.07005,-118.255599,84.04,33.2,57.7,31898,0.3904,42.3,DOS,1
drone_5,34.053933,-118.263639,205.58,20.66,67.5,1115,0.1,32.5,NORMAL,0
drone_10,34.0572,-118.2387,100.0,10.0,75.0,500,0.099,25.0,REPLAY_ATTACK,1
drone_10,34.0572,-118.2387,100.0,10.0,75.0,500,0.099,25.0,REPLAY_ATTACK,1
drone_3,34.050455,-118.243469,257.59,5.9,86.16,962,0.0228,13.84,NORMAL,0
drone_1,34.0572,-118.2387,100.0,10.0,75.0,500,0.099,25.0,REPLAY_ATTACK,1
drone_6,34.062864,-118.251891,119.27,11.18,90.71,454,0.093,9.29,NORMAL,0
drone_10,34.248842,-117.772816,389.25,109.08,68.6,1659,0.2795,31.4,GPS_SPOOFING,1
drone_7,34.0572,-118.2387,100.0,10.0,75.0,500,0.099,25.0,REPLAY_ATTACK,1
drone_2,34.038756,-118.244339,243.96,23.71,77.17,642,0.0968,22.83,NORMAL,0
drone_1,34.066192,-118.250677,76.74,21.26,96.46,40,0.2735,3.54,NORMAL,0
drone_7,34.052667,-118.226353,162.49,17.0,79.89,1268,0.104,20.11,NORMAL,0
drone_2,34.036896,-118.230465,288.45,23.21,71.79,404,0.0802,28.21,NORMAL,0
drone_9,34.040045,-118.251058,240.42,16.5,85.41,309,0.0683,14.59,NORMAL,0
drone_3,34.045058,-118.262064,170.1,13.46,97.08,322,0.0787,2.92,NORMAL,0
drone_8,34.492438,-117.884015,180.43,88.77,44.53,1634,0.4893,55.47,GPS_SPOOFING,1
drone_3,34.0572,-118.2387,100.0,10.0,75.0,500,0.099,25.0,REPLAY_ATTACK,1
drone_6,34.044423,-118.227086,175.48,18.98,74.54,159,0.1075,25.46,NORMAL,0
drone_1,34.057468,-118.241263,239.88,11.92,84.26,1113,0.0495,15.74,NORMAL,0
drone_8,34.373413,-117.766384,331.32,152.96,47.87,1598,0.4603,52.13,GPS_SPOOFING,1
drone_8,34.405664,-118.119119,184.8,97.28,80.95,1549,0.5236,19.05,GPS_SPOOFING,1
drone_3,34.045559,-118.255755,91.84,11.35,87.69,1325,0.1223,12.31,NORMAL,0
drone_3,34.062548,-118.256274,124.92,24.92,83.94,1266,0.1979,16.06,NORMAL,0
drone_1,34.04421,-118.260179,204.98,23.01,68.62,1142,0.1117,31.38,NORMAL,0
drone_4,34.045803,-118.250481,226.34,10.08,96.23,507,0.0443,3.77,NORMAL,0
drone_1,34.046032,-118.227389,281.8,8.6,75.0,368,0.0304,25.0,NORMAL,0
drone_9,34.050292,-118.248011,281.6,11.17,79.27,1356,0.0395,20.73,NORMAL,0
drone_3,34.051376,-118.24455,232.72,19.41,72.72,593,0.083,27.28,NORMAL,0
drone_6,34.058072,-118.253537,11.94,1.46,8.36,1895,0.1128,91.64,JAMMING,1
drone_5,34.291471,-118.065927,195.0,112.99,82.3,1625,0.5765,17.7,GPS_SPOOFING,1
drone_6,34.042822,-118.246504,129.16,10.9,74.97,453,0.0837,25.03,NORMAL,0
drone_7,34.053152,-118.230451,64.8,23.02,96.02,328,0.3498,3.98,NORMAL,0
drone_8,34.041899,-118.226398,278.4,21.18,75.55,898,0.0758,24.45,NORMAL,0
drone_6,34.069888,-118.244006,153.28,6.33,99.12,1461,0.041,0.88,NORMAL,0
drone_2,34.042029,-118.239994,162.37,21.99,86.23,1071,0.1346,13.77,NORMAL,0
drone_6,34.060291,-118.246745,54.21,5.4,64.11,357,0.0978,35.89,NORMAL,0
drone_7,34.055821,-118.234651,258.9,10.16,90.87,1398,0.0391,9.13,NORMAL,0
drone_4,34.056295,-118.253447,205.62,15.78,82.34,1034,0.0764,17.66,NORMAL,0
drone_8,34.061098,-118.25065,139.77,9.6,68.53,1293,0.0682,31.47,NORMAL,0
drone_1,34.054674,-118.231723,290.46,19.74,75.55,1179,0.0677,24.45,NORMAL,0
drone_3,34.045602,-118.233121,83.48,33.41,30.04,59644,0.3955,69.96,DOS,1
drone_1,34.055583,-118.249428,7.85,1.76,3.05,1777,0.1989,96.95,JAMMING,1
drone_1,34.064898,-118.242169,278.25,24.29,88.54,734,0.087,11.46,NORMAL,0
drone_7,34.302908,-117.899348,178.46,123.13,88.81,1674,0.6861,11.19,GPS_SPOOFING,1
drone_8,34.047946,-118.23501,102.22,12.57,65.17,415,0.1218,34.83,NORMAL,0
drone_10,34.04233,-118.248271,7.9,1.94,12.8,1959,0.218,87.2,JAMMING,1
drone_6,34.048381,-118.229924,86.18,6.48,78.83,297,0.0743,21.17,NORMAL,0
drone_3,34.033671,-118.237117,72.44,23.14,75.32,1258,0.3151,24.68,NORMAL,0
drone_2,34.0572,-118.2387,100.0,10.0,75.0,500,0.099,25.0,REPLAY_ATTACK,1
drone_10,34.065019,-118.240389,290.19,11.29,73.28,1425,0.0388,26.72,NORMAL,0
drone_6,34.06927,-118.224969,113.1,40.98,33.96,43430,0.3592,66.04,DOS,1
drone_8,34.037352,-118.263493,59.99,9.52,73.85,253,0.1561,26.15,NORMAL,0
drone_4,34.070116,-118.246718,139.6,19.25,70.4,1205,0.1369,29.6,NORMAL,0
drone_10,34.051644,-118.22594,262.24,11.15,88.85,620,0.0424,11.15,NORMAL,0
drone_1,34.044158,-118.242389,225.01,15.19,84.13,336,0.0672,15.87,NORMAL,0
drone_1,34.054428,-118.24113,105.13,13.62,85.89,1169,0.1283,14.11,NORMAL,0
drone_3,34.044997,-118.25194,70.68,41.11,31.78,45899,0.5735,68.22,DOS,1
drone_9,34.382729,-118.118389,389.34,154.72,64.07,1693,0.3964,35.93,GPS_SPOOFING,1
drone_1,34.049659,-118.227552,153.21,13.57,82.14,549,0.088,17.86,NORMAL,0
drone_1,34.051556,-118.232483,84.55,7.61,72.81,434,0.089,27.19,NORMAL,0
drone_5,34.059357,-118.231265,205.27,20.33,99.68,19,0.0986,0.32,NORMAL,0
drone_4,34.0572,-118.2387,100.0,10.0,75.0,500,0.099,25.0,REPLAY_ATTACK,1
drone_5,34.049857,-118.245054,0.63,1.64,6.45,1872,1.0061,93.55,JAMMING,1
drone_5,34.065948,-118.247885,137.41,30.7,47.06,50480,0.2218,52.94,DOS,1
drone_6,34.066195,-118.228559,77.35,47.41,35.89,46501,0.6051,64.11,DOS,1
drone_1,34.051878,-118.248613,152.83,22.09,65.93,1093,0.1436,34.07,NORMAL,0
drone_8,34.051685,-118.246028,289.22,14.65,85.34,288,0.0505,14.66,NORMAL,0
drone_1,34.066468,-118.243698,99.69,24.66,98.14,1218,0.2449,1.86,NORMAL,0
drone_4,34.067383,-118.235698,251.91,16.46,81.52,378,0.0651,18.48,NORMAL,0
drone_4,34.049647,-118.23221,295.63,20.99,73.26,1070,0.0708,26.74,NORMAL,0
drone_9,34.039223,-118.240311,54.47,19.22,89.79,324,0.3465,10.21,NORMAL,0
drone_3,34.04572,-118.243326,105.19,18.97,71.36,248,0.1786,28.64,NORMAL,0
drone_6,34.052026,-118.226464,154.72,9.38,75.84,758,0.0602,24.16,NORMAL,0
drone_3,34.064596,-118.230996,175.21,11.37,72.15,370,0.0645,27.85,NORMAL,0
drone_9,34.067133,-118.257115,52.6,57.22,20.47,41055,1.0675,79.53,DOS,1
drone_4,34.062663,-118.245161,182.67,8.14,67.06,1089,0.0443,32.94,NORMAL,0
drone_2,34.044793,-118.241514,4.27,0.91,14.27,1827,0.1727,85.73,JAMMING,1
drone_6,34.039639,-118.261633,50.53,16.37,96.99,575,0.3177,3.01,NORMAL,0
drone_9,34.035075,-118.251488,110.99,51.35,69.89,78043,0.4585,30.11,DOS,1
drone_10,34.058312,-118.235103,1.69,1.88,8.07,1941,0.6989,91.93,JAMMING,1
drone_1,34.489321,-118.024096,203.64,100.51,76.11,1581,0.4912,23.89,GPS_SPOOFING,1
drone_3,34.063596,-118.238195,297.12,22.93,63.02,18,0.0769,36.98,NORMAL,0
drone_8,34.046098,-118.231496,174.03,10.74,65.2,860,0.0614,34.8,NORMAL,0
drone_9,34.042075,-118.23578,95.58,45.83,30.28,68666,0.4745,69.72,DOS,1
drone_5,34.070864,-118.225283,179.89,54.93,21.34,20938,0.3037,78.66,DOS,1
drone_3,34.046478,-118.241108,86.1,10.24,69.55,311,0.1176,30.45,NORMAL,0
drone_8,34.050067,-118.240057,9.35,0.79,4.92,1816,0.0763,95.08,JAMMING,1
drone_6,34.059319,-118.241838,6.05,0.22,13.65,1879,0.0312,86.35,JAMMING,1
drone_6,34.369195,-118.042341,180.66,115.12,60.01,1717,0.6337,39.99,GPS_SPOOFING,1
drone_10,34.181612,-117.834576,107.23,138.59,83.1,1559,1.2805,16.9,GPS_SPOOFING,1
drone_7,34.039307,-118.261961,125.1,14.33,75.27,856,0.1136,24.73,NORMAL,0
drone_5,34.047169,-118.228053,149.32,20.56,67.65,358,0.1368,32.35,NORMAL,0
drone_3,34.071584,-118.249033,221.38,8.14,72.73,857,0.0366,27.27,NORMAL,0
drone_4,34.068804,-118.23685,91.28,38.74,63.44,59952,0.4198,36.56,DOS,1
drone_7,34.032975,-118.262703,276.16,7.2,62.92,761,0.026,37.08,NORMAL,0
